decoded_rdnu,site_addr,road_addr,area,store_id,store_nm,brand,cat_bg,cat_mi,cat_si,lat,lon
11200114300000200001800000,서울 성동구 성수1가2동 656-745번지 2층 일부,서울특별시 성동구 아차산로 18,성수동,0138118989,좋은습관 피티 스튜디오(PT STUDIO) 성수,,오락,헬스클럽/스포츠센터,,37.5471882244091,127.047365178682
11200114300000200001800000,서울 성동구 성수1가2동 656-745번지 2층 일부,서울특별시 성동구 아차산로 18,성수동,0138058615,좋은습관 피티 스튜디오(PT STUDIO) 성수,,오락,헬스클럽/스포츠센터,,37.5471882244091,127.047365178682
11200114300000200003300000,서울 성동구 성수동1가 656-281번지 지하1층,서울특별시 성동구 아차산로 33,성수동,0125857763,주식회사 뚝섬미술관,,오락,전시/관람,,37.5472127791217,127.048359312709
11200114300501100006300000,서울 성동구 성수동1가 685-704번지 1층 에이동 7-1호,서울특별시 성동구 왕십리로 63,성수동,0138605811,애프터 필라테스 서울숲점,,오락,헬스클럽/스포츠센터,,37.5436228045917,127.043585906393
11200114300501100008000001,서울 성동구 성수1가1동 656-320번지 동아아파트 1층 3호,서울특별시 성동구 왕십리로 80-1,성수동,0048608186,워터파크골프,,오락,스포츠/운동시설,,37.5447066242781,127.045242478548
11200114300501100008300021,"서울 성동구 성수동1가 685-700번지 스트리트동 지1층 B115,116호",서울특별시 성동구 왕십리로 83-21,성수동,0086754231,(재)대림문화재단 디뮤지엄,,오락,연극/영화/극장,,37.5441547484979,127.043357753557
11200114300501100008300021,"서울 성동구 성수동1가 685-700번지 스트리트동 지1층 B115,116호",서울특별시 성동구 왕십리로 83-21,성수동,0110156494,디뮤지엄,,오락,연극/영화/극장,,37.5441547484979,127.043357753557
11200114300501100010400000,서울 성동구 성수1가2동 656-968번지 1층 2호,서울특별시 성동구 왕십리로 104,성수동,0129093688,로시필라테스,,오락,헬스클럽/스포츠센터,,37.5468263604442,127.044886399347
11200114300501100010400000,서울 성동구 성수1가2동 656-968번지 1층 2호,서울특별시 성동구 왕십리로 104,성수동,0101251643,게토얼라이브(GhettoAlive),,오락,연극/영화/극장,,37.5468263604442,127.044886399347
11200114300501100011500000,서울 성동구 성수1가2동 656-75번지 헤이그라운드서울숲점 10층 1001호,서울특별시 성동구 왕십리로 115,성수동,0115705725,주식회사 프롬더바디,,오락,헬스클럽/스포츠센터,,37.5479201849315,127.044137696679
11200114300501100011500000,서울 성동구 성수1가2동 656-75번지 헤이그라운드서울숲점 10층 1001호,서울특별시 성동구 왕십리로 115,성수동,0133404079,주식회사 빅브로짐 성수점,,오락,헬스클럽/스포츠센터,,37.5479201849315,127.044137696679
11200114300501100013700000,서울 성동구 성수동1가 721번지 1층 119호,서울특별시 성동구 왕십리로 137,성수동,0139141147,브리즈 자이로토닉,,오락,헬스클럽/스포츠센터,,37.5501670203702,127.04361144463
11200114310300400001900000,서울 성동구 성수동1가 656-54번지 지하1층,서울특별시 성동구 성수일로 19,성수동,0125386904,(주) 유에치티,,오락,스포츠/운동시설,,37.5423334235585,127.048565268661
11200114310300400003900000,서울 성동구 성수1가1동 22-5번지 경동빌딩 지하,서울특별시 성동구 성수일로 39,성수동,0130653082,주식회사 올댓휘트니스 짐아서,,오락,헬스클럽/스포츠센터,,37.5442368591975,127.049255852172
11200114310300400003900000,서울 성동구 성수1가1동 22-5번지 경동빌딩 지하,서울특별시 성동구 성수일로 39,성수동,0140342064,주식회사 올댓휘트니스 짐아서,,오락,헬스클럽/스포츠센터,,37.5442368591975,127.049255852172
11200114310300400007700000,서울 성동구 성수1가2동 13-164번지 서울숲IT밸리 103호 지1층,서울특별시 성동구 성수일로 77,성수동,0114864697,주식회사 쌤골프,,오락,스포츠/운동시설,,37.5474049437892,127.050343491959
11200114410915600000400000,서울 성동구 성수1가1동 656-234번지,서울특별시 성동구 뚝섬로1길 4,성수동,0125787887,필라트리,,오락,헬스클럽/스포츠센터,,37.5414311206027,127.046885505348
11200114410915600000400000,서울 성동구 성수1가1동 656-234번지 서울숲대림아파트 104동 103호 비호,서울특별시 성동구 뚝섬로1길 4,성수동,0117030411,서울숲필라테스,,오락,헬스클럽/스포츠센터,,37.5414311206027,127.046885505348
11200114410915600000400000,"서울 성동구 성수1가1동 656-234번지 상가 104동 B01호 비02호, 비03호, 비04호, 비05호,비06호, 비07호",서울특별시 성동구 뚝섬로1길 4,성수동,0142099845,주식회사 스웻먼데이(SWEAT MONDAY Inc.),,오락,헬스클럽/스포츠센터,,37.5414311206027,127.046885505348
11200114410915600000400000,"서울 성동구 성수1가1동 656-234번지 상가 104동 B01호 비02호, 비03호, 비04호, 비05호,비06호, 비07호",서울특별시 성동구 뚝섬로1길 4,성수동,0111828638,체이스 PGA school,,오락,헬스클럽/스포츠센터,,37.5414311206027,127.046885505348
11200114410930800002600000,서울 성동구 성수1가2동 708번지 성수동동아그린아파트 102동 1107호,서울특별시 성동구 상원10다길 26,성수동,0115099574,김태복,,오락,헬스클럽/스포츠센터,,37.5505498287532,127.04874589338
11200114410931200000600000,서울 성동구 성수동1가 14-31번지 5층,서울특별시 성동구 상원4길 6,성수동,0131452583,주식회사  하우스틸츠,,오락,헬스클럽/스포츠센터,,37.5472521576989,127.049002997673
11200114410931400000500000,서울 성동구 성수1가2동 13-436번지,서울특별시 성동구 상원6길 5,성수동,0087917233,허니바디스포츠,,오락,헬스클럽/스포츠센터,,37.5486067385224,127.048738517185
11200114410931400001400000,서울 성동구 성수동1가 709번지 제상가 104호 105호,서울특별시 성동구 상원6길 14,성수동,0111747689,크로스핏 핏불,,오락,헬스클럽/스포츠센터,,37.5489059718514,127.049576121605
11200114410931500003000000,서울 성동구 성수동1가 13-266번지 지하2층 비201호,서울특별시 성동구 상원6나길 30,성수동,0134962679,(주)피트니스비긴즈,,오락,헬스클럽/스포츠센터,,37.5477240138297,127.050281580787
11200114410931500003000000,서울 성동구 성수동1가 13-266번지 지하2층 비201호,서울특별시 성동구 상원6나길 30,성수동,0140375148,주식회사 바디101헬스피티,,오락,헬스클럽/스포츠센터,,37.5477240138297,127.050281580787
11200114410931700002400000,서울 성동구 성수1가2동 14-39번지 4층 401호,서울특별시 성동구 상원길 24,성수동,0140986712,에스투벨리,,오락,헬스클럽/스포츠센터,,37.5461668836334,127.049053322107
11200114410931700003600000,서울 성동구 성수1가2동 14-30번지 KTP사옥 지하1층,서울특별시 성동구 상원길 36,성수동,0133755116,골프존 성수센터,,오락,스포츠/운동시설,,37.5472488391521,127.048748722841
11200114410931700003800000,서울 성동구 성수1가2동 14-29번지 2층,서울특별시 성동구 상원길 38,성수동,0111003240,뚝섬 당구 클럽,,오락,오락/당구/볼링등,,37.5472978373972,127.048787682143
11200114410931700005100000,서울 성동구 성수동1가 656-387번지 3층,서울특별시 성동구 상원길 51,성수동,0132524133,굿라인 필라테스 스튜디오 뚝섬점,,오락,헬스클럽/스포츠센터,,37.5486776381394,127.0481012287
11200114410931700005900000,서울 성동구 성수1가2동 706번지 상가 B동 1층 108호 (쌍용아파트),서울특별시 성동구 상원길 59,성수동,0119100725,노블휘트니스,,오락,헬스클럽/스포츠센터,,37.5492995938354,127.047888427301
11200114410931700006400000,서울 성동구 성수1가2동 13-441번지 지하1층,서울특별시 성동구 상원길 64,성수동,0137368742,월드컵당구장,,오락,스포츠/운동시설,,37.5497472507343,127.048009686799
11200114410931700006400000,서울 성동구 성수1가2동 13-441번지 지하1층,서울특별시 성동구 상원길 64,성수동,0126881200,모스트짐,,오락,헬스클럽/스포츠센터,,37.5497472507343,127.048009686799
11200114410931700006400000,서울 성동구 성수1가2동 13-441번지 지하1층,서울특별시 성동구 상원길 64,성수동,0115000440,월드컵당구장,,오락,스포츠/운동시설,,37.5497472507343,127.048009686799
11200114410931700006400000,서울 성동구 성수1가2동 13-441번지 지하1층,서울특별시 성동구 상원길 64,성수동,0140303942,모스트짐,,오락,헬스클럽/스포츠센터,,37.5497472507343,127.048009686799
11200114410931800002800012,서울 성동구 성수1가2동 685-480번지 지하1층,서울특별시 성동구 서울숲2길 28-12,성수동,0119800571,요가스토리,,오락,헬스클럽/스포츠센터,,37.5466250876629,127.041405816183
11200114410931800003500000,서울 성동구 성수1가2동 668-86번지 블랙하우스,서울특별시 성동구 서울숲2길 35,성수동,0128562907,주식회사 이데아파라곤,,오락,헬스클럽/스포츠센터,,37.546741637157,127.042531711362
11200114410932300004300000,서울 성동구 성수1가2동 685-307번지 1층,서울특별시 성동구 서울숲길 43,성수동,0118624519,프로젝트 렌트(project rent),,오락,연극/영화/극장,,37.5481189319953,127.042453732968
11200114410932300005100000,서울 성동구 성수1가2동 685-295번지 1가 6층,서울특별시 성동구 서울숲길 51,성수동,0134116581,베가필라테스+사운즈,,오락,헬스클럽/스포츠센터,,37.5482551887323,127.04312859809
11200114410936200000300000,서울 성동구 성수동1가 656-24번지 6층,서울특별시 성동구 성수일로1길 3,성수동,0122842420,자이로토닉 에코,,오락,헬스클럽/스포츠센터,,37.5413888852497,127.047953747836
11200114410941500000900031,서울 성동구 성수동1가 656-395번지 1층,서울특별시 성동구 왕십리로10길 9-31,성수동,0141833095,뽑아핑 뚝섬,뽑아핑,오락,오락/당구/볼링등,,37.5468242827127,127.046300562518
11200114410942200003000003,서울 성동구 성수1가2동 656-945번지 6층,서울특별시 성동구 왕십리로14길 30-3,성수동,0136301280,쓰리짐S,,오락,헬스클럽/스포츠센터,,37.5483678238652,127.047335484326
11200114410942200003000003,서울 성동구 성수1가2동 656-945번지 6층,서울특별시 성동구 왕십리로14길 30-3,성수동,0127347367,쓰리짐,,오락,헬스클럽/스포츠센터,,37.5483678238652,127.047335484326
11200114410945300002300001,서울 성동구 성수동1가 656-309번지 지하1층 1호,서울특별시 성동구 왕십리로4길 23-1,성수동,0137161386,앤더뉴 복싱 클럽(AndTheNew Boxing Club),,오락,헬스클럽/스포츠센터,,37.5469686908652,127.046356553137
11200114410945600001300000,서울 성동구 성수1가2동 656-994번지 코지빌 지하,서울특별시 성동구 왕십리로8길 13,성수동,0104087515,공간당구장,,오락,스포츠/운동시설,,37.5463337625035,127.046342354492
11200114410945600001500000,서울 성동구 성수1가2동 656-992번지 1층,서울특별시 성동구 왕십리로8길 15,성수동,0136999448,갤러리에이앤씨,,오락,전시/관람,,37.546297377447,127.046532553113
11200114410945600001800001,서울 성동구 성수동1가 656-1085번지 6층,서울특별시 성동구 왕십리로8길 18-1,성수동,0139623516,킨즈서울 댄스학원,,오락,헬스클럽/스포츠센터,,37.5460055763418,127.046678573256
11200115300000200006800000,서울 성동구 성수동2가 301-94번지 AUCOMMERCE 2층,서울특별시 성동구 아차산로 68,성수동,0106307648,주식회사 아트랩,,오락,연극/영화/극장,,37.5455349839971,127.051656795096
11200115300000200008700000,서울 성동구 성수2가3동 300-87번지 1층,서울특별시 성동구 아차산로 87,성수동,0127337509,24시당구장,,오락,스포츠/운동시설,,37.5454637442777,127.054007834941
11200115300000200009200000,서울 성동구 성수2가3동 314-5번지 2층,서울특별시 성동구 아차산로 92,성수동,0127813913,(주)에스유비디,,오락,헬스클럽/스포츠센터,,37.5447523880259,127.054242462371
11200115300000200009200000,서울 성동구 성수2가3동 314-5번지 2층,서울특별시 성동구 아차산로 92,성수동,0124235375,폴라워 성수점,,오락,헬스클럽/스포츠센터,,37.5447523880259,127.054242462371
11200115300000200009200000,서울 성동구 성수2가3동 314-5번지 STOWER 1층 105호,서울특별시 성동구 아차산로 92,성수동,0140118415,(주)에스유비디,,오락,헬스클럽/스포츠센터,,37.5447523880259,127.054242462371
11200115300000200009700000,서울 성동구 성수2가3동 300-5번지 남영빌딩 1층,서울특별시 성동구 아차산로 97,성수동,0131814840,(주)빌드업피트니스PT 성수역점,,오락,헬스클럽/스포츠센터,,37.5452324827558,127.055123744487
11200115300000200009700000,서울 성동구 성수2가3동 300-5번지 남영빌딩 3층,서울특별시 성동구 아차산로 97,성수동,0140085937,(주)빌드업피트니스PT  성수역점,,오락,헬스클럽/스포츠센터,,37.5452324827558,127.055123744487
11200115300000200010000000,"서울 성동구 성수2가3동 300-1번지 지층 101, 102, 103호(삼진빌딩)",서울특별시 성동구 아차산로 100,성수동,0135672582,주식회사 필라테스플로우,,오락,헬스클럽/스포츠센터,,37.5445023983984,127.056090471223
11200115300000200010000000,"서울 성동구 성수2가3동 300-1번지 지층 101, 102, 103호(삼진빌딩)",서울특별시 성동구 아차산로 100,성수동,0119878783,애플 캐롬 클럽,,오락,스포츠/운동시설,,37.5445023983984,127.056090471223
11200115310300400011200000,서울 성동구 성수2가3동 284-9번지 4층,서울특별시 성동구 성수일로 112,성수동,0137454161,주식회사 소마피지오 성수지점,,오락,헬스클럽/스포츠센터,,37.5502160419509,127.052250070096
11200115410936100004200000,서울 성동구 성수2가3동 289-226번지 지층,서울특별시 성동구 성수일로12길 42,성수동,0115668550,명상,,오락,헬스클럽/스포츠센터,,37.547145531249,127.055214889691
11200115410936700003900000,서울 성동구 성수동2가 289-14번지 지층 비02호,서울특별시 성동구 성수일로8길 39,성수동,0123636664,주식회사 에스에스엠쥐,,오락,연극/영화/극장,,37.5457826923407,127.054802213031
11200115410936700003900000,서울 성동구 성수동2가 289-14번지 지층 비02호,서울특별시 성동구 성수일로8길 39,성수동,0110280633,퀄핏건강운동센터,,오락,헬스클럽/스포츠센터,,37.5457826923407,127.054802213031
11200115410939500002600000,서울 성동구 성수동2가 289-290번지 B01호,서울특별시 성동구 아차산로5길 26,성수동,0126090885,성수테라,,오락,스포츠/운동시설,,37.5477720631208,127.053502648881
11200115410939700000400000,서울 성동구 성수2가3동 300-64번지 지하1층,서울특별시 성동구 아차산로7길 4,성수동,0106962707,플렉스 복싱PT,,오락,헬스클럽/스포츠센터,,37.5455816047743,127.054379079618
11200115410939700002100000,서울 성동구 성수2가3동 289-20번지 1층,서울특별시 성동구 아차산로7길 21,성수동,0118949734,주식회사 골프스타디움,,오락,헬스클럽/스포츠센터,,37.5472021283742,127.054797141473
11200115410939700002100000,서울 성동구 성수2가3동 289-20번지 1층,서울특별시 성동구 아차산로7길 21,성수동,0115800997,퀸스테이지,,오락,헬스클럽/스포츠센터,,37.5472021283742,127.054797141473
11200115410939700002100000,서울 성동구 성수2가3동 289-20번지 신한은행 지하1층,서울특별시 성동구 아차산로7길 21,성수동,0141620294,주식회사복싱스타디움,,오락,스포츠/운동시설,,37.5472021283742,127.054797141473
11200115410940800002100000,서울 성동구 성수2가3동 315-69번지 지하2층,서울특별시 성동구 연무장5가길 21,성수동,0134032937,해빗피트니스 성수점,,오락,헬스클럽/스포츠센터,,37.543591938965,127.055133173171
11200115410940800002100000,서울 성동구 성수2가3동 315-69번지 지하 2층,서울특별시 성동구 연무장5가길 21,성수동,0140185018,해빗휘트니스 성수점,,오락,헬스클럽/스포츠센터,,37.543591938965,127.055133173171
11200115410941100001200000,서울 성동구 성수2가3동 315-70번지 세대빌딩 4층 401호,서울특별시 성동구 연무장7길 12,성수동,0057117434,명성당구장,,오락,스포츠/운동시설,,37.5436698315466,127.054840383995
11200115410941100001200000,서울 성동구 성수2가3동 315-70번지 세대빌딩 4층 401호,서울특별시 성동구 연무장7길 12,성수동,0136162039,성수PT,,오락,헬스클럽/스포츠센터,,37.5436698315466,127.054840383995
11200115410941100001200000,서울 성동구 성수2가3동 315-70번지 세대빌딩 4층 401호,서울특별시 성동구 연무장7길 12,성수동,0129537700,성수PT,,오락,헬스클럽/스포츠센터,,37.5436698315466,127.054840383995
11200115410941100001200000,서울 성동구 성수2가3동 315-70번지 세대빌딩 4층 401호,서울특별시 성동구 연무장7길 12,성수동,0055058333,유니온스타 볼링클럽,,오락,스포츠/운동시설,,37.5436698315466,127.054840383995
11200115300000200012200000,서울 성동구 성수2가3동 317-1번지 백석빌딩 4층,서울특별시 성동구 아차산로 122,성수동,0132105925,벌툰 성수점,벌툰,오락,놀이/여가/취미,,37.5438718421645,127.057478873633
11200115300000200012200000,서울 성동구 성수2가3동 317-1번지 백석빌딩 4층,서울특별시 성동구 아차산로 122,성수동,0130044217,성수실내테니스장,,오락,스포츠/운동시설,,37.5438718421645,127.057478873633
11200115300502400028600000,서울 성동구 성수동2가 280-38번지 성수동 2가,서울특별시 성동구 광나루로 286,성수동,0111891370,아인테니스클럽,,오락,스포츠/운동시설,,37.5477493518047,127.06129981359
11200115310300300011300000,서울 성동구 성수2가3동 289-10번지 3층 301호,서울특별시 성동구 성수이로 113,성수동,0132842022,짐타임 성수역점,,오락,헬스클럽/스포츠센터,,37.54514647655,127.057126460545
11200115310300300011300000,"서울 성동구 성수2가3동 289-10번지 B1층 102호, 103호",서울특별시 성동구 성수이로 113,성수동,0140130170,짐타임 성수역점(문화비),,오락,헬스클럽/스포츠센터,,37.54514647655,127.057126460545
11200115310300300013700000,서울 성동구 성수2가3동 834번지 관리동 1층,서울특별시 성동구 성수이로 137,성수동,0115051757,에이스코포레이션,,오락,헬스클럽/스포츠센터,,37.547925110995,127.056473146865
11200115410936700006000000,서울 성동구 성수2가3동 300-39번지 지하1층,서울특별시 성동구 성수일로8길 60,성수동,0136510070,필라테스비영,,오락,헬스클럽/스포츠센터,,37.5448753345854,127.056817899837
11200115410936700006000000,서울 성동구 성수2가3동 300-39번지 지하1층,서울특별시 성동구 성수일로8길 60,성수동,0122581168,비영,,오락,헬스클럽/스포츠센터,,37.5448753345854,127.056817899837
11200115410940000001500000,서울 성동구 성수2가3동 317-4번지 지하1층,서울특별시 성동구 연무장11길 15,성수동,0135891018,(주)더에이치에스,,오락,헬스클럽/스포츠센터,,37.5433898232612,127.057261019438
11200115410940000001500000,서울 성동구 성수2가3동 317-4번지 지하1층,서울특별시 성동구 연무장11길 15,성수동,0127925220,핏바디짐,,오락,헬스클럽/스포츠센터,,37.5433898232612,127.057261019438
11200115410940300000500000,서울 성동구 성수2가3동 272-35번지 지하1층,서울특별시 성동구 연무장17길 5,성수동,0140480427,크로스핏 성수,,오락,헬스클럽/스포츠센터,,37.5412530634959,127.060940216094
11200115410940300000500000,서울 성동구 성수2가3동 272-35번지 지하1층,서울특별시 성동구 연무장17길 5,성수동,0138633151,크로스핏  성수,,오락,헬스클럽/스포츠센터,,37.5412530634959,127.060940216094
11200115410940300001000000,서울 성동구 성수2가3동 275-28번지 4층,서울특별시 성동구 연무장17길 10,성수동,0124922014,(주)에스제이그룹 성수점,,오락,전시/관람,,37.5417308163872,127.061552421083
11200115300000100013500001,서울 성동구 성수2가3동 279-42번지 전진빌딩 2층,서울특별시 성동구 동일로 135-1,성수동,0132602251,영동당구클럽,,오락,오락/당구/볼링등,,37.5446988965089,127.065066691607
11200115300000100013500001,서울 성동구 성수2가3동 279-42번지 2층,서울특별시 성동구 동일로 135-1,성수동,0141857110,영동당구클럽,,오락,스포츠/운동시설,,37.5446988965089,127.065066691607
11200115300000100013500001,서울 성동구 성수2가3동 279-42번지 2층,서울특별시 성동구 동일로 135-1,성수동,0138357520,영동 당구클럽,,오락,스포츠/운동시설,,37.5446988965089,127.065066691607
11200115300502400032000001,서울 성동구 성수2가3동 281-12번지 가동 1층,서울특별시 성동구 광나루로 320-1,성수동,0004779930,에딘버그골프클럽,,오락,스포츠/운동시설,,37.5473266400059,127.065428827768
11200115310300300006900000,서울 성동구 성수2가1동 320-4번지 삼화빌딩 301호,서울특별시 성동구 성수이로 69,성수동,0121120919,오하운폴댄스학원,,오락,헬스클럽/스포츠센터,,37.5413684085104,127.055610961117
11200115310301000038500040,서울 성동구 성수2가1동 339-136번지 지하1층,서울특별시 성동구 뚝섬로 385-40,성수동,0130393911,에스비에스(SBS) 당구장,,오락,스포츠/운동시설,,37.5394891808364,127.05467257672
11200115310301000040000000,서울 성동구 성수2가1동 339-5번지 뚝섬쇼핑센타 301호,서울특별시 성동구 뚝섬로 400,성수동,0132174186,시티짐 성수점,,오락,헬스클럽/스포츠센터,,37.5385456732471,127.055018233239
11200115310301000040000000,서울 성동구 성수2가1동 339-5번지 뚝섬쇼핑센타 3층 301호,서울특별시 성동구 뚝섬로 400,성수동,0139774426,데일리피트니스 PT 성수점,,오락,헬스클럽/스포츠센터,,37.5385456732471,127.055018233239
11200115410934700006100000,서울 성동구 성수2가3동 19-7번지 지하1층,서울특별시 성동구 성수이로22길 61,성수동,0139504021,주식회사 언더시티컬쳐,,오락,연극/영화/극장,,37.5431481892474,127.063907091921
11200115410936500002500000,서울 성동구 성수2가1동 308-4번지 서울숲코오롱디지털타워 1층 110호,서울특별시 성동구 성수일로4길 25,성수동,0134672245,알앤디컴퍼니 주식회사(RND Company),,오락,헬스클럽/스포츠센터,,37.5425050119214,127.051865849456
11200115410936500002500000,서울 성동구 성수2가1동 308-4번지 서울숲코오롱디지털타워 1층 110호,서울특별시 성동구 성수일로4길 25,성수동,0084341007,라이프짐,,오락,헬스클럽/스포츠센터,,37.5425050119214,127.051865849456
11200115410939100004900000,"서울 성동구 성수동2가 280-6번지 1층 R110호,R111호(성수동2가,생각공장데시앙플렉스)",서울특별시 성동구 아차산로17길 49,성수동,0126512482,성수프렌즈스크린,,오락,헬스클럽/스포츠센터,,37.5467683738173,127.065279307819
11200115410939100004900000,서울 성동구 성수동2가 280-6번지 1층,서울특별시 성동구 아차산로17길 49,성수동,0102205705,주식회사 미디어앤아트,,오락,연극/영화/극장,,37.5467683738173,127.065279307819
11200115410941300005000000,서울 성동구 성수2가1동 321-7번지 1층 일부(우측),서울특별시 성동구 연무장길 50,성수동,0140625906,모모스테이션 성수연무장길점,모모스테이션,오락,오락/당구/볼링등,,37.5424988037749,127.054837828936
11200115410915100000400000,서울 성동구 성수2가1동 269-117번지 2층,서울특별시 성동구 뚝섬로13길 4,성수동,0066357070,국가대표 김경식 태권도장,,오락,스포츠/운동시설,,37.5385773527305,127.057735275669
11200115410915100003300000,서울 성동구 성수2가1동 322-2번지 1층,서울특별시 성동구 뚝섬로13길 33,성수동,0117441188,주식회사 원밀리언,,오락,헬스클럽/스포츠센터,,37.541205659051,127.057551733314
11200115410915100003300000,서울 성동구 성수2가1동 322-2번지 1층,서울특별시 성동구 뚝섬로13길 33,성수동,0109276055,1MILLION DANCE STUDIO,,오락,헬스클럽/스포츠센터,,37.541205659051,127.057551733314
11200115410916300000200000,서울 성동구 성수2가1동 331-58번지 2호 3층,서울특별시 성동구 뚝섬로7길 2,성수동,0114613326,요가웨이브,,오락,헬스클럽/스포츠센터,,37.5386370656849,127.056667431519
11200115410934400003100000,서울 성동구 성수동2가 269-212번지 1호 2층,서울특별시 성동구 성수이로16길 31,성수동,0142164847,성수율 뮤직,,오락,연극/영화/극장,,37.5402829770634,127.060021550364
11200115410913200001200000,서울 성동구 성수2가1동 648-17번지,서울특별시 성동구 둘레15길 12,성수동,0122841778,에스비에스당구장,,오락,스포츠/운동시설,,37.5357873800807,127.055724485864
11200115410932800000400010,서울 성동구 성수2가1동 566-30번지 2층,서울특별시 성동구 성덕정17길 4-10,성수동,0132659681,다모아 당구장,,오락,스포츠/운동시설,,37.5374462413516,127.05566213214
11200115410934000008100000,서울 성동구 성수2가1동 339-130번지 2층 201호,서울특별시 성동구 성덕정길 81,성수동,0140316829,스위치,,오락,헬스클럽/스포츠센터,,37.5379464747992,127.052721137399
11200115410934000009700017,서울 성동구 성수2가1동 335-77번지,서울특별시 성동구 성덕정길 97-17,성수동,0018672899,제일수족관,,오락,놀이/여가/취미,,37.5380907791713,127.054193622329
11200115410934000010300000,서울 성동구 성수2가1동 565-5번지 1층,서울특별시 성동구 성덕정길 103,성수동,0116830266,부광당구장,,오락,스포츠/운동시설,,37.5375094626668,127.054954336318
11200115410934000010600000,서울 성동구 성수2가1동 561-1번지 4층 402호,서울특별시 성동구 성덕정길 106,성수동,0122580830,스타 당구클럽,,오락,오락/당구/볼링등,,37.5371631435751,127.055093138245
11200115410934000010600000,서울 성동구 성수2가1동 561-1번지 4층 402호,서울특별시 성동구 성덕정길 106,성수동,0104776372,스타트짐 헬스,,오락,헬스클럽/스포츠센터,,37.5371631435751,127.055093138245
11200114310301000032500001,서울 성동구 성수1가1동 656-251번지 301호,서울특별시 성동구 뚝섬로 325-1,성수동,0134634153,에코밸런스아카데미,,오락,헬스클럽/스포츠센터,,37.541233652097,127.047260706418
11200114410933100000700000,서울 성동구 성수1가1동 656-1778번지 2층,서울특별시 성동구 성덕정1길 7,성수동,0082197740,연세드림아이 태권도장,,오락,스포츠/운동시설,,37.5401203935657,127.046078150125
11200114410933500000900000,서울 성동구 성수1가1동 656-1225번지,서울특별시 성동구 성덕정3길 9,성수동,0068800739,경희석사태권도,,오락,스포츠/운동시설,,37.5398328001696,127.047428981095
11200114410934000004900000,서울 성동구 성수1가1동 40-1번지,서울특별시 성동구 성덕정길 49,성수동,0119588937,에프엠(FM)당구장,,오락,스포츠/운동시설,,37.5385087982821,127.049148440763
11200114300501100003800000,서울 성동구 성수1가1동 656-410번지 홍성빌딩 2층,서울특별시 성동구 왕십리로 38,성수동,0114226764,스타테니스클럽,,오락,스포츠/운동시설,,37.5410082218104,127.044237721239
11200114300501100005000000,서울 성동구 성수동1가 656-335번지 2층,서울특별시 성동구 왕십리로 50,성수동,0111381497,메가박스중앙,메가박스,오락,연극/영화/극장,,37.5419000229184,127.044975552245
11200114300501100005000000,서울 성동구 성수동1가 656-335번지 2층,서울특별시 성동구 왕십리로 50,성수동,0131306557,메가박스중앙 주식회사 성수지점,,오락,연극/영화/극장,,37.5419000229184,127.044975552245
11200114300501100005000000,서울 성동구 성수동1가 656-335번지 2층,서울특별시 성동구 왕십리로 50,성수동,0116089095,메가박스중앙(주) 성수지점,메가박스,오락,연극/영화/극장,,37.5419000229184,127.044975552245
11200114300501100005000000,서울 성동구 성수동1가 656-335번지 2층,서울특별시 성동구 왕십리로 50,성수동,0136993755,아리아요가&필라테스 서울숲,,오락,헬스클럽/스포츠센터,,37.5419000229184,127.044975552245
11200114300501100005000000,서울 성동구 성수동1가 656-335번지 2층,서울특별시 성동구 왕십리로 50,성수동,0124306317,아리아 요가&필라테스 서울숲점,,오락,헬스클럽/스포츠센터,,37.5419000229184,127.044975552245
11200114300501100005000000,서울 성동구 성수동1가 656-335번지 2층,서울특별시 성동구 왕십리로 50,성수동,0115429581,메가박스중앙,메가박스,오락,연극/영화/극장,,37.5419000229184,127.044975552245
11200114300501100005000000,서울 성동구 성수동1가 656-335번지 2층,서울특별시 성동구 왕십리로 50,성수동,0115445272,메가박스중앙,메가박스,오락,연극/영화/극장,,37.5419000229184,127.044975552245
11200114300501100005000000,서울 성동구 성수동1가 656-335번지 2층,서울특별시 성동구 왕십리로 50,성수동,0139587950,애프터 요가/필라테스 서울숲점,,오락,헬스클럽/스포츠센터,,37.5419000229184,127.044975552245
11170130310200900014500000,서울 용산구 이태원1동 183-1번지 4층 407호,서울특별시 용산구 이태원로 145,이태원한남,0136940152,이태원짐점,,오락,헬스클럽/스포츠센터,,37.5345885203978,126.989907748728
11170130310200900014500000,서울 용산구 이태원1동 183-1번지 4층 407호,서울특별시 용산구 이태원로 145,이태원한남,0079737706,(주)브로젝스 이태원점,,오락,오락/당구/볼링등,,37.5345885203978,126.989907748728
11170130310200900014500000,서울 용산구 이태원1동 183-1번지 4층 407호,서울특별시 용산구 이태원로 145,이태원한남,0136940350,필라스테이점,,오락,헬스클럽/스포츠센터,,37.5345885203978,126.989907748728
11170130310200900014500000,서울 용산구 이태원1동 183-1번지 4층 407호,서울특별시 용산구 이태원로 145,이태원한남,0126539931,필라스테이,,오락,헬스클럽/스포츠센터,,37.5345885203978,126.989907748728
11170130310200900014500000,서울 용산구 이태원1동 183-1번지 4층 407호,서울특별시 용산구 이태원로 145,이태원한남,0121649792,이태원짐,,오락,헬스클럽/스포츠센터,,37.5345885203978,126.989907748728
11170130310200900014500000,서울 용산구 이태원1동 183-1번지 6층 601호,서울특별시 용산구 이태원로 145,이태원한남,0141657080,이태원짐점,,오락,헬스클럽/스포츠센터,,37.5345885203978,126.989907748728
11170130310200900016900001,서울 용산구 이태원1동 119-13번지 2층,서울특별시 용산구 이태원로 169-1,이태원한남,0080261530,케밥 코너(KEBAP CORNER),,오락,전시/관람,,37.534603243432,126.992885300875
11170130310200900017300000,서울 용산구 이태원1동 119-4번지 1호 2층,서울특별시 용산구 이태원로 173,이태원한남,0140426495,왕오락실,,오락,오락/당구/볼링등,,37.5346565148264,126.993264660716
11170130310201100002300000,서울 용산구 이태원1동 22-76번지 지하2층 일부(몬드리안 서울 이태원),서울특별시 용산구 장문로 23,이태원한남,0141783811,주식회사 에쓰비에프,,오락,헬스클럽/스포츠센터,,37.5285655568387,126.993107501389
11170130310201100002700000,서울 용산구 이태원1동 22-2번지 2층 213호214호215호,서울특별시 용산구 장문로 27,이태원한남,0133547497,청화골프연습장,,오락,스포츠/운동시설,,37.5291071806126,126.993672893038
11170130310201100002700000,서울 용산구 이태원1동 22-2번지 4층,서울특별시 용산구 장문로 27,이태원한남,0141453068,청화골프클럽,,오락,스포츠/운동시설,,37.5291071806126,126.993672893038
11170130310201200000300000,서울 용산구 이태원2동 658번지 1층,서울특별시 용산구 회나무로 3,이태원한남,0136199536,콤콤오락실,,오락,오락/당구/볼링등,,37.5385862896552,126.987405284242
11170130410612700004000000,서울 용산구 이태원동 66-3번지 6층 601호,서울특별시 용산구 보광로59길 40,이태원한남,0138423835,마이 트레이너 짐(MY TRAINER GYM),,오락,헬스클럽/스포츠센터,,37.5339605801667,126.991813465214
11170130410630500000700000,서울 용산구 이태원동 72-5번지 지하1층,서울특별시 용산구 이태원로20길 7,이태원한남,0139808067,뽑아핑 이태원점,뽑아핑,오락,오락/당구/볼링등,,37.5339918704672,126.992191013073
11170130410648600001100000,서울 용산구 이태원2동 255-40번지 중업주택 1층 101호,서울특별시 용산구 회나무로13가길 11,이태원한남,0129594420,슈 공방,,오락,전시/관람,,37.5408241906253,126.990228371003
11170130410649200001200000,서울 용산구 이태원2동 226-3번지 삼원빌라트 1층 103호,서울특별시 용산구 회나무로26길 12,이태원한남,0062503248,웰니스 진,,오락,헬스클럽/스포츠센터,,37.5395588182983,126.991277317368
11170130410650300000200000,서울 용산구 이태원2동 258-8번지,서울특별시 용산구 회나무로44길 2,이태원한남,0101458321,(주)리탐빌,,오락,헬스클럽/스포츠센터,,37.5407404804534,126.996523431656
11170130410650300000200000,서울 용산구 이태원2동 258-8번지,서울특별시 용산구 회나무로44길 2,이태원한남,0101458149,(주)리탐빌,,오락,헬스클럽/스포츠센터,,37.5407404804534,126.996523431656
11170130410650300000200000,서울 용산구 이태원2동 258-8번지,서울특별시 용산구 회나무로44길 2,이태원한남,0103202065,(주)리탐빌,,오락,헬스클럽/스포츠센터,,37.5407404804534,126.996523431656
11170130410650600000500000,서울 용산구 이태원2동 303-17번지 혜광빌딩 지층,서울특별시 용산구 회나무로6길 5,이태원한남,0139451793,인서울핏 헬스&PT,,오락,헬스클럽/스포츠센터,,37.5387059031445,126.988803660883
11170130410650600000500000,서울 용산구 이태원2동 303-17번지 혜광빌딩 지층,서울특별시 용산구 회나무로6길 5,이태원한남,0139606818,인서울핏 헬스&PT,,오락,헬스클럽/스포츠센터,,37.5387059031445,126.988803660883
11170131310200900021600000,서울 용산구 한남동 736-8번지 2층,서울특별시 용산구 이태원로 216,이태원한남,0115297921,원모어(one more),,오락,헬스클럽/스포츠센터,,37.5346871460213,126.998136551597
11170131310200900021700000,서울 용산구 한남동 737-28번지 현대안성타워 2층 22호,서울특별시 용산구 이태원로 217,이태원한남,0130280985,에이치원골프존파크 이태원,,오락,스포츠/운동시설,,37.535176385593,126.997906520276
11170131310200900021700000,서울 용산구 한남동 737-28번지 현대안성타워 2층 22호,서울특별시 용산구 이태원로 217,이태원한남,0081671604,뉴욕필라테스,,오락,헬스클럽/스포츠센터,,37.535176385593,126.997906520276
11170131310200900021700000,서울 용산구 한남동 737-28번지 현대안성타워 2층 208호,서울특별시 용산구 이태원로 217,이태원한남,0138329206,뉴욕필라테스,,오락,헬스클럽/스포츠센터,,37.535176385593,126.997906520276
11170131310200900022300005,서울 용산구 한남동 737-23번지 1층,서울특별시 용산구 이태원로 223-5,이태원한남,0136058468,주식회사 유니언프로퍼티,,오락,헬스클럽/스포츠센터,,37.5355733740257,126.998385331703
11170131310200900022300005,서울 용산구 한남동 737-23번지 1층,서울특별시 용산구 이태원로 223-5,이태원한남,0125857946,(주)유니언플레이스한남,,오락,헬스클럽/스포츠센터,,37.5355733740257,126.998385331703
11170131310200900022300005,서울 용산구 한남동 737-23번지 1층,서울특별시 용산구 이태원로 223-5,이태원한남,0133576439,주식회사 업핏01,,오락,헬스클럽/스포츠센터,,37.5355733740257,126.998385331703
11170131310200900023800000,서울 용산구 한남동 683-134번지 3호,서울특별시 용산구 이태원로 238,이태원한남,0040116907,대성표구사,,오락,전시/관람,,37.5359194593876,126.999916273557
11170131310200900026700000,서울 용산구 한남동 740-1번지 베이지 1층,서울특별시 용산구 이태원로 267,이태원한남,0113398275,(주)더웰니스컴퍼니,,오락,헬스클럽/스포츠센터,,37.5384987479277,127.001133061453
11170131310200900026700000,서울 용산구 한남동 740-1번지 베이지 1층,서울특별시 용산구 이태원로 267,이태원한남,0118687169,(주)더웰니스컴퍼니,,오락,헬스클럽/스포츠센터,,37.5384987479277,127.001133061453
11170131310200900026700000,서울 용산구 한남동 740-1번지 베이지 B동,서울특별시 용산구 이태원로 267,이태원한남,0114067622,페이스아트코리아 주식회사,,오락,전시/관람,,37.5384987479277,127.001133061453
11170131410603400002400000,서울 용산구 한남동 684-22번지 2층,서울특별시 용산구 대사관로5길 24,이태원한남,0140325234,도토리 한남,,오락,전시/관람,,37.5353393039623,127.000514121632
11170131410631600002200000,서울 용산구 한남동 745-6번지,서울특별시 용산구 이태원로45길 22,이태원한남,0123588725,주식회사 뉴스프링프로젝트,,오락,전시/관람,,37.5365547446218,126.998439733192
11170131410631600002200000,서울 용산구 한남동 745-6번지,서울특별시 용산구 이태원로45길 22,이태원한남,0122206659,주식회사 뉴스프링프로젝트,,오락,전시/관람,,37.5365547446218,126.998439733192
11170131410632200000300000,서울 용산구 한남동 739-24번지 1층,서울특별시 용산구 이태원로55가길 3,이태원한남,0129071106,주식회사 갤러리조은(GALLERY JOEUN Inc),,오락,전시/관람,,37.5380286092429,127.000717125864
11170136310200300002300000,서울 용산구 보광동 217-55번지 3층,서울특별시 용산구 보광로 23,이태원한남,0133984336,브루클린요가 인 서울(Brooklyn Yoga in Seoul),,오락,헬스클럽/스포츠센터,,37.526412092536,127.00035511344
11170136310200300004600000,서울 용산구 보광동 259-1번지 지하 1호 2호 보광쇼핑센터,서울특별시 용산구 보광로 46,이태원한남,0112016241,순이네당구장,,오락,스포츠/운동시설,,37.5283391534087,126.99921497434
11170136310200300004600000,서울 용산구 보광동 259-1번지 용호빌딩 4층 401호,서울특별시 용산구 보광로 46,이태원한남,0088631510,이태원 MMA복싱,,오락,스포츠/운동시설,,37.5283391534087,126.99921497434
11170136310200600000200001,서울 용산구 보광동 238-9번지 2층,서울특별시 용산구 우사단로 2-1,이태원한남,0074547084,폴리당구클럽,,오락,오락/당구/볼링등,,37.5305918901339,126.996917275904
11170136310201100010400000,서울 용산구 보광동 448번지 신동아아파트 상가동 3층,서울특별시 용산구 장문로 104,이태원한남,0141460063,놀이터 당구클럽,,오락,스포츠/운동시설,,37.5260554700675,127.001226204604
11170131210200300005900000,서울 용산구 한남동 76-42번지 한남동남한빌딩 지하1층,서울특별시 용산구 한남대로 59,이태원한남,0109303388,판크(PANC),,오락,헬스클럽/스포츠센터,,37.5339901358324,127.006713330015
11170131210200300005900000,서울 용산구 한남동 76-42번지 지하1층,서울특별시 용산구 한남대로 59,이태원한남,0140870221,판크(PANC),,오락,헬스클럽/스포츠센터,,37.5339901358324,127.006713330015
11170131210200300006000000,서울 용산구 한남동 72-1번지 디-117호,서울특별시 용산구 한남대로 60,이태원한남,0127056224,미니멀 필라테스 한남2호점,,오락,헬스클럽/스포츠센터,,37.5344843315796,127.008192362263
11170131210200300006000000,서울 용산구 한남동 72-1번지 디-117호,서울특별시 용산구 한남대로 60,이태원한남,0102530185,유즈웰 (USEWELL),,오락,헬스클럽/스포츠센터,,37.5344843315796,127.008192362263
11170131210200300006000000,서울 용산구 한남동 72-1번지 디-117호,서울특별시 용산구 한남대로 60,이태원한남,0119407666,조이요가,,오락,헬스클럽/스포츠센터,,37.5344843315796,127.008192362263
11170131210200300013000000,서울 용산구 한남동 726-82번지 1층,서울특별시 용산구 한남대로 130,이태원한남,0140365230,플뢰브 한남동테니스아카데미 주식회사,,오락,스포츠/운동시설,,37.5399440547662,127.004427556463
11170131210200300016400000,서울 용산구 한남동 795-1번지 3층,서울특별시 용산구 한남대로 164,이태원한남,0117481143,웰니스앤코,,오락,헬스클럽/스포츠센터,,37.5425557498748,127.002476259275
11170131210200300016400000,서울 용산구 한남동 795-1번지 3층,서울특별시 용산구 한남대로 164,이태원한남,0108793514,마리오짐,,오락,헬스클럽/스포츠센터,,37.5425557498748,127.002476259275
11170131210200300016400000,서울 용산구 한남동 795-1번지 1층,서울특별시 용산구 한남대로 164,이태원한남,0138788971,아후 요가,,오락,헬스클럽/스포츠센터,,37.5425557498748,127.002476259275
11170131300501400007000000,서울 용산구 한남동 258번지 현대리버티하우스아파트 1층,서울특별시 용산구 독서당로 70,이태원한남,0134578012,주식회사 리브웰,,오락,헬스클럽/스포츠센터,,37.533599152103,127.008698229017
11170131300501400007000000,서울 용산구 한남동 258번지 현대리버티하우스아파트 1층,서울특별시 용산구 독서당로 70,이태원한남,0108404617,스포짐 한남점,스포짐,오락,헬스클럽/스포츠센터,,37.533599152103,127.008698229017
11170131300501400007000000,서울 용산구 한남동 258번지 현대리버티하우스아파트 1층,서울특별시 용산구 독서당로 70,이태원한남,0110633088,주식회사 바디녹스인터내셔널,,오락,헬스클럽/스포츠센터,,37.533599152103,127.008698229017
11170131300501400007000000,"서울 용산구 한남동 258번지 지층 201,202호",서울특별시 용산구 독서당로 70,이태원한남,0139913867,(주)에스웨이피트니스,,오락,헬스클럽/스포츠센터,,37.533599152103,127.008698229017
11170131300501400007000000,"서울 용산구 한남동 258번지 지층 201,202호",서울특별시 용산구 독서당로 70,이태원한남,0088018486,스포짐 오목교점,스포짐,오락,헬스클럽/스포츠센터,,37.533599152103,127.008698229017
11170131300501400007000000,"서울 용산구 한남동 258번지 지층 201,202호",서울특별시 용산구 독서당로 70,이태원한남,0138028287,필라테스 해,,오락,헬스클럽/스포츠센터,,37.533599152103,127.008698229017
11170131300501400007000000,"서울 용산구 한남동 258번지 지층 201,202호",서울특별시 용산구 독서당로 70,이태원한남,0140324799,주식회사 리브웰,,오락,헬스클럽/스포츠센터,,37.533599152103,127.008698229017
11170131300501400007800000,서울 용산구 한남동 273-3번지 3층,서울특별시 용산구 독서당로 78,이태원한남,0137798633,인터내셔널 필라테스,,오락,헬스클럽/스포츠센터,,37.5339613084836,127.009301877687
11170131300501400008000000,서울 용산구 한남동 273-2번지 4층,서울특별시 용산구 독서당로 80,이태원한남,0117113647,해동 태권도,,오락,스포츠/운동시설,,37.5340121118816,127.00946616467
11170131300501400008000000,서울 용산구 한남동 273-2번지 4층,서울특별시 용산구 독서당로 80,이태원한남,0115539595,주식회사 참핏 한남점,,오락,헬스클럽/스포츠센터,,37.5340121118816,127.00946616467
11170131300501400008100000,서울 용산구 한남동 274-1번지 301호,서울특별시 용산구 독서당로 81,이태원한남,0101698991,얼라인필라테스,,오락,헬스클럽/스포츠센터,,37.5344723521982,127.009352402338
11170131300501400009400000,서울 용산구 한남동 36-7번지 3층,서울특별시 용산구 독서당로 94,이태원한남,0111435186,마브한남,,오락,헬스클럽/스포츠센터,,37.5348016217165,127.01093982785
11170131300501400009400000,서울 용산구 한남동 36-7번지 3층,서울특별시 용산구 독서당로 94,이태원한남,0113898233,코어명상포즈윈,,오락,헬스클럽/스포츠센터,,37.5348016217165,127.01093982785
11170131300501400009700000,서울 용산구 한남동 33-4번지 1층,서울특별시 용산구 독서당로 97,이태원한남,0106929870,파프짐 한남,파프짐,오락,헬스클럽/스포츠센터,,37.5353176383476,127.010793156846
11170131300501400009800000,서울 용산구 한남동 36-1번지,서울특별시 용산구 독서당로 98,이태원한남,0127752426,유엔 테니스 클럽,,오락,스포츠/운동시설,,37.5350753824083,127.011502299533
11170131410602900000700000,서울 용산구 한남동 657-103번지 103플레이스 1동 2층 201호,서울특별시 용산구 대사관로31길 7,이태원한남,0139988372,에이에이치 클래식 필라테스,,오락,헬스클럽/스포츠센터,,37.5336708753487,127.005679310879
11170131410627200002000000,서울 용산구 한남동 274-14번지 4층,서울특별시 용산구 유엔빌리지길 20,이태원한남,0130174600,필라테스 인모션,,오락,헬스클럽/스포츠센터,,37.5337736776764,127.009825582217
11170131410627200002400000,서울 용산구 한남동 271-5번지 4동 5층,서울특별시 용산구 유엔빌리지길 24,이태원한남,0100111442,미니멀리즘 필라테스,,오락,헬스클럽/스포츠센터,,37.5335832999485,127.009780074836
11170131410627200002400000,서울 용산구 한남동 271-5번지 4동 5층,서울특별시 용산구 유엔빌리지길 24,이태원한남,0136206299,뉴트롤로지(NPA Pilates Alliance),,오락,헬스클럽/스포츠센터,,37.5335832999485,127.009780074836
11170131410627200007400000,서울 용산구 한남동 11-324번지,서울특별시 용산구 유엔빌리지길 74,이태원한남,0129380762,주식회사 웰니스더한남,,오락,헬스클럽/스포츠센터,,37.532094738407,127.011004260577
11170131410646800002100014,서울 용산구 한남동 68-27번지 1층,서울특별시 용산구 한남대로20길 21-14,이태원한남,0120371190,산수화,,오락,전시/관람,,37.5352884222042,127.008918148704
11170131410646900001400000,서울 용산구 한남동 657-201번지 지하층,서울특별시 용산구 한남대로21길 14,이태원한남,0129228581,주식회사 파이브라운즈,,오락,헬스클럽/스포츠센터,,37.5343269575269,127.006209654538
11170131410646900001700000,서울 용산구 한남동 635-1번지 지하1층,서울특별시 용산구 한남대로21길 17,이태원한남,0125627190,주식회사 브이엑스이니셔티브 한남지점,,오락,헬스클럽/스포츠센터,,37.5341407928541,127.006541029542
11170131410646900001700000,서울 용산구 한남동 635-1번지 지하1층,서울특별시 용산구 한남대로21길 17,이태원한남,0140109695,주식회사 브이엑스이니셔티브 한남지점,,오락,헬스클럽/스포츠센터,,37.5341407928541,127.006541029542
11170131410647200002400000,"서울 용산구 한남동 713-2번지 제1,2층 제4호 한남동",서울특별시 용산구 한남대로28가길 24,이태원한남,0102266582,플렉토,,오락,헬스클럽/스포츠센터,,37.5374083063473,127.005882804696
11170131410647800002500000,서울 용산구 한남동 790-7번지 1층,서울특별시 용산구 한남대로42길 25,이태원한남,0083773655,이악크래프트,,오락,전시/관람,,37.5432920388683,127.002825819367
11170131310101400000800012,서울 용산구 한남동 726-180번지 외1필지 응봉공원 한남테니스장,서울특별시 용산구 다산로 8-12,이태원한남,0134754100,응봉근린공원 한남테니스장,,오락,스포츠/운동시설,,37.5466427384241,127.003775584957
11170131310101400000800012,서울 용산구 한남동 726-180번지 외1필지 응봉공원 한남테니스장,서울특별시 용산구 다산로 8-12,이태원한남,0118245679,응봉근린공원 한남테니스장,,오락,헬스클럽/스포츠센터,,37.5466427384241,127.003775584957
11170130410618000003000034,서울 용산구 이태원동 262-23번지 박여숙화랑,서울특별시 용산구 소월로38길 30-34,이태원한남,0063515316,주식회사  박려숙화랑,,오락,전시/관람,,37.544097163917,126.990253064503
11170131300501400002300000,서울 용산구 한남동 110-1번지 전국관광빌딩 2층,서울특별시 용산구 독서당로 23,이태원한남,0129062220,골프존파크 한남리버,,오락,스포츠/운동시설,,37.5306091922627,127.007168059244
11170131300501400002300000,서울 용산구 한남동 110-1번지 5층,서울특별시 용산구 독서당로 23,이태원한남,0138458765,골프존파크 한남리버,,오락,스포츠/운동시설,,37.5306091922627,127.007168059244
11170131300501400004600000,서울 용산구 한남동 828번지 한남아이파크 1804호,서울특별시 용산구 독서당로 46,이태원한남,0118534163,주식회사 볼링아이엘,,오락,오락/당구/볼링등,,37.532381186051,127.007257834517
11170131300501400004600000,서울 용산구 한남동 828번지 한남아이파크 1804호,서울특별시 용산구 독서당로 46,이태원한남,0104406384,플러스필라테스,,오락,헬스클럽/스포츠센터,,37.532381186051,127.007257834517
11170131310200100007200000,서울 용산구 한남동 633-3번지 제일빌딩 2층,서울특별시 용산구 대사관로 72,이태원한남,0137214870,테라스 당구클럽,,오락,오락/당구/볼링등,,37.5330952126175,127.005947068599
11170131310200100007200000,서울 용산구 한남동 633-3번지 제일빌딩 2층,서울특별시 용산구 대사관로 72,이태원한남,0105174981,테라스당구클럽,,오락,오락/당구/볼링등,,37.5330952126175,127.005947068599
11170131410602700000400000,서울 용산구 한남동 641-3번지 4층,서울특별시 용산구 대사관로30길 4,이태원한남,0121728901,와이번즈 아이스하키클럽,,오락,헬스클럽/스포츠센터,,37.5331107316214,127.00549745307
11170131410603100002200000,서울 용산구 한남동 630-9번지 지하 101호,서울특별시 용산구 대사관로34길 22,이태원한남,0103809653,팀짐(2관),,오락,헬스클럽/스포츠센터,,37.5323610853046,127.005777868302
11170131410603100003100000,서울 용산구 한남동 621-1번지 5층,서울특별시 용산구 대사관로34길 31,이태원한남,0120630710,레거시 복싱 짐(LEGACY BOXING GYM),,오락,스포츠/운동시설,,37.5318784102529,127.005953081421
11170131310200400041300000,서울 용산구 한남동 805번지 한남동하이페리온아파트 101동 104호,서울특별시 용산구 서빙고로 413,이태원한남,0108022997,웰페리온,,오락,헬스클럽/스포츠센터,,37.5272954501599,127.004219892518
11170131310200400041300000,서울 용산구 한남동 805번지 한남동하이페리온아파트 지하 101호 B102호,서울특별시 용산구 서빙고로 413,이태원한남,0140081837,웰페리온,,오락,헬스클럽/스포츠센터,,37.5272954501599,127.004219892518
11440115413906900000300012,서울 마포구 상수동 313-3번지 1층 101호,서울특별시 마포구 독막로15길 3-12,홍대합정,0084020601,아트홀베짱이,,오락,연극/영화/극장,,37.5484676511038,126.921535972496
11440115413906900000300012,서울 마포구 상수동 313-3번지 1층 101호,서울특별시 마포구 독막로15길 3-12,홍대합정,0071857502,피트니스랩(FITNESS LAB),,오락,헬스클럽/스포츠센터,,37.5484676511038,126.921535972496
11440120311201400015700000,서울 마포구 서교동 446-42번지 B1호,서울특별시 마포구 동교로 157,홍대합정,0103805784,유솜요가,,오락,헬스클럽/스포츠센터,,37.5558454152636,126.919180104794
11440120311301400004500000,서울 마포구 서교동 490번지 제몰동 제지층 제비103호,서울특별시 마포구 양화로 45,홍대합정,0131629651,롯데시네마 합정점,롯데시네마,오락,연극/영화/극장,,37.5515008030203,126.91395024016
11440120311301400004500000,서울 마포구 서교동 490번지 제몰동 제지층 제비103호,서울특별시 마포구 양화로 45,홍대합정,0121153555,메세나 필라테스,,오락,헬스클럽/스포츠센터,,37.5515008030203,126.91395024016
11440120311301400004500000,서울 마포구 서교동 490번지 제몰동 제지층 제비103호,서울특별시 마포구 양화로 45,홍대합정,0127032639,디어필라테스,,오락,헬스클럽/스포츠센터,,37.5515008030203,126.91395024016
11440120311301400004500000,서울 마포구 서교동 490번지 제몰동 제지층 제비103호,서울특별시 마포구 양화로 45,홍대합정,0133603696,르메르 필라테스,,오락,헬스클럽/스포츠센터,,37.5515008030203,126.91395024016
11440120311301400004500000,"서울 마포구 서교동 490번지 B1층 (B111호,B112호,B113호,B114호)",서울특별시 마포구 양화로 45,홍대합정,0141603944,버핏그라운드 헬스PT 합정,,오락,헬스클럽/스포츠센터,,37.5515008030203,126.91395024016
11440120311301400004500000,"서울 마포구 서교동 490번지 몰동 지층 비148,비149호",서울특별시 마포구 양화로 45,홍대합정,0142341197,버핏그라운드 헬스 PT 합정,,오락,헬스클럽/스포츠센터,,37.5515008030203,126.91395024016
11440120311301400005600000,"서울 마포구 서교동 394-25번지 1층 호전부, 105호일부호",서울특별시 마포구 양화로 56,홍대합정,0134582535,바벨 합정역점,,오락,헬스클럽/스포츠센터,,37.5497581659117,126.915047112265
11440120311301400005600000,"서울 마포구 서교동 394-25번지 1층 호전부, 105호일부호",서울특별시 마포구 양화로 56,홍대합정,0128123940,쇠마을휘트니스,,오락,헬스클럽/스포츠센터,,37.5497581659117,126.915047112265
11440120311301400005800000,서울 마포구 서교동 394-45번지 2층,서울특별시 마포구 양화로 58,홍대합정,0135993913,로마짐 합정,,오락,헬스클럽/스포츠센터,,37.5500793711751,126.915422795699
11440120311301400005800000,서울 마포구 서교동 394-45번지 2층,서울특별시 마포구 양화로 58,홍대합정,0114711229,리폼드북카페,,오락,놀이/여가/취미,,37.5500793711751,126.915422795699
11440120311301400005800000,서울 마포구 서교동 394-45번지 명지한강빌드웰 지하1층,서울특별시 마포구 양화로 58,홍대합정,0142047877,리폼드북카페,,오락,놀이/여가/취미,,37.5500793711751,126.915422795699
11440120311301400005800000,서울 마포구 서교동 394-45번지 명지한강빌드웰 지하1층,서울특별시 마포구 양화로 58,홍대합정,0139987507,로마짐 합정(문화비),,오락,헬스클럽/스포츠센터,,37.5500793711751,126.915422795699
11440120311301400007300001,서울 마포구 서교동 392-24번지 1층,서울특별시 마포구 양화로 73-1,홍대합정,0087113015,웨이브랩(Wave Lab),,오락,연극/영화/극장,,37.5515565949487,126.916106694815
11440120311301400007700000,서울 마포구 서교동 392-1번지 지하1층,서울특별시 마포구 양화로 77,홍대합정,0129056610,주식회사 로얄짐,,오락,헬스클럽/스포츠센터,,37.5517112081206,126.91636341214
11440120311301400007800009,서울 마포구 서교동 395-155번지 지1층 일부 1층,서울특별시 마포구 양화로 78-9,홍대합정,0117055996,주식회사 소핏짐,,오락,헬스클럽/스포츠센터,,37.5514239915803,126.917547122962
11440120311301400007800019,서울 마포구 서교동 395-158번지,서울특별시 마포구 양화로 78-19,홍대합정,0124613233,주식회사 리본필라테스합정,리본 필라테스,오락,헬스클럽/스포츠센터,,37.5511814626333,126.917963504748
11440120311301400008500000,서울 마포구 서교동 378-8번지 1층,서울특별시 마포구 양화로 85,홍대합정,0117671784,싸비복싱 멀티짐,,오락,스포츠/운동시설,,37.5522809506085,126.917060912191
11440120311301400008500000,서울 마포구 서교동 378-8번지 1층,서울특별시 마포구 양화로 85,홍대합정,0133996462,주식회사 핏터,,오락,헬스클럽/스포츠센터,,37.5522809506085,126.917060912191
11440120311301400008500000,서울 마포구 서교동 378-8번지 6층,서울특별시 마포구 양화로 85,홍대합정,0139561724,주식회사 핏터,,오락,헬스클럽/스포츠센터,,37.5522809506085,126.917060912191
11440120311301400010400000,서울 마포구 서교동 371-14번지 1층,서울특별시 마포구 양화로 104,홍대합정,0110079217,주식회사더블유락볼링장,,오락,오락/당구/볼링등,,37.5527808931548,126.919239998824
11440120311301400012700000,서울 마포구 서교동 353-4번지 지하1층,서울특별시 마포구 양화로 127,홍대합정,0133109884,버디버디 골프 아카데미,,오락,스포츠/운동시설,,37.5548815216613,126.920497567982
11440120311301400012900000,서울 마포구 서교동 353-2번지 지하1층,서울특별시 마포구 양화로 129,홍대합정,0137939823,골프존파크서교홍대입구역점,,오락,스포츠/운동시설,,37.5550607718839,126.920693732271
11440120311301400012900000,서울 마포구 서교동 353-2번지 지하1층,서울특별시 마포구 양화로 129,홍대합정,0127857506,골프존파크 서교 홍대입구역,,오락,스포츠/운동시설,,37.5550607718839,126.920693732271
11440120311301400012900000,서울 마포구 서교동 353-2번지 지하1층,서울특별시 마포구 양화로 129,홍대합정,0142560846,골프존파크서교홍대입구역점,,오락,스포츠/운동시설,,37.5550607718839,126.920693732271
11440120311301500003500000,서울 마포구 서교동 402-22번지 2층 202호,서울특별시 마포구 어울마당로 35,홍대합정,0124487596,주식회사 롤링홀,,오락,연극/영화/극장,,37.5484975164949,126.920120953258
11440120311301500004600001,서울 마포구 서교동 408-22번지,서울특별시 마포구 어울마당로 46-1,홍대합정,0136279478,게임토피아,,오락,오락/당구/볼링등,,37.5491744991188,126.921017506953
11440120311301500004600001,서울 마포구 서교동 408-22번지,서울특별시 마포구 어울마당로 46-1,홍대합정,0127013118,퍼니랜드,,오락,오락/당구/볼링등,,37.5491744991188,126.921017506953
11440120311301500004600001,서울 마포구 서교동 408-22번지,서울특별시 마포구 어울마당로 46-1,홍대합정,0139741862,게임토피아,,오락,오락/당구/볼링등,,37.5491744991188,126.921017506953
11440120311301500005500004,서울 마포구 서교동 405-13번지 2층,서울특별시 마포구 어울마당로 55-4,홍대합정,0119752293,엘에이(LA)당구클럽,,오락,오락/당구/볼링등,,37.5503273207971,126.920740166452
11440120311301500006800000,서울 마포구 서교동 363-17번지,서울특별시 마포구 어울마당로 68,홍대합정,0128088606,주식회사 한국교육문화진흥,,오락,연극/영화/극장,,37.5510972767862,126.921493947022
11440120311301500006900000,서울 마포구 서교동 367-38번지 1층,서울특별시 마포구 어울마당로 69,홍대합정,0118187673,짱오락실,,오락,오락/당구/볼링등,,37.5512766927614,126.921129247848
11440120311301500007600000,서울 마포구 서교동 364-18번지 1층 일부,서울특별시 마포구 어울마당로 76,홍대합정,0141823625,최강오락실,,오락,오락/당구/볼링등,,37.5517388678434,126.921615042527
11440120311301500007600000,서울 마포구 서교동 364-18번지 1층 일부,서울특별시 마포구 어울마당로 76,홍대합정,0141798959,최강오락실홍대점,,오락,오락/당구/볼링등,,37.5517388678434,126.921615042527
11440120311301500007600001,서울 마포구 서교동 364-19번지 1층 좌측일부,서울특별시 마포구 어울마당로 76-1,홍대합정,0137122313,모모스테이션홍대점,모모스테이션,오락,오락/당구/볼링등,,37.5518321491599,126.921657269616
11440120311301700007600001,서울 마포구 서교동 361-18번지 지하1층,서울특별시 마포구 와우산로 76-1,홍대합정,0137561759,터치파이브(주)홍대지점,,오락,연극/영화/극장,,37.5512806583458,126.923597642957
11440120311301700008800001,서울 마포구 서교동 360-3번지 3호 4층,서울특별시 마포구 와우산로 88-1,홍대합정,0104224795,주식회사 하모노그래프,,오락,연극/영화/극장,,37.5521713348135,126.923938615422
11440120311301700010500000,서울 마포구 서교동 343-7번지 5층 -J342호,서울특별시 마포구 와우산로 105,홍대합정,0004691895,개미화방,,오락,전시/관람,,37.5533899197282,126.925184852344
11440120311301700011100000,서울 마포구 서교동 343-2번지 1층,서울특별시 마포구 와우산로 111,홍대합정,0021569249,태화볼링센타,,오락,스포츠/운동시설,,37.5534662249952,126.925741121447
11440120311301700011100000,서울 마포구 서교동 343-2번지 1층,서울특별시 마포구 와우산로 111,홍대합정,0068787670,태화스넥경양식,,오락,오락/당구/볼링등,,37.5534662249952,126.925741121447
11440120311301900004500000,서울 마포구 서교동 449-5번지,서울특별시 마포구 월드컵북로 45,홍대합정,0052342680,에스디골프클럽,,오락,스포츠/운동시설,,37.5581793518149,126.917735590004
11440120311301900004500000,서울 마포구 서교동 449-5번지 지하1층,서울특별시 마포구 월드컵북로 45,홍대합정,0138678172,에스디골프클럽,,오락,스포츠/운동시설,,37.5581793518149,126.917735590004
11440120311302000000500001,서울 마포구 서교동 407-27번지 4층,서울특별시 마포구 잔다리로 5-1,홍대합정,0084559251,미스터리 룸 이스케이프(Mystery Room Esca,,오락,오락/당구/볼링등,,37.5505195668914,126.922326661681
11440120311302000002000000,서울 마포구 서교동 367-6번지 지2층,서울특별시 마포구 잔다리로 20,홍대합정,0140566555,듈 스튜디오,,오락,연극/영화/극장,,37.5509446559189,126.920831517114
11440120311302000004800000,서울 마포구 서교동 372-2번지 2층 좌측홀,서울특별시 마포구 잔다리로 48,홍대합정,0139469944,라 벤따나(탱고피플),,오락,헬스클럽/스포츠센터,,37.5525466038875,126.918671464528
11440120311302000006200001,서울 마포구 서교동 376-15번지 1층,서울특별시 마포구 잔다리로 62-1,홍대합정,0123491227,엠북카페,,오락,놀이/여가/취미,,37.553497233144,126.917612288449
11440120311302000007800000,서울 마포구 서교동 465-11번지 지1층,서울특별시 마포구 잔다리로 78,홍대합정,0132862160,케이레슬링 홍대점,,오락,헬스클럽/스포츠센터,,37.5545222777459,126.916429418726
11440120311302000008900000,서울 마포구 서교동 467-3번지 1층,서울특별시 마포구 잔다리로 89,홍대합정,0114120314,맥스짐,,오락,헬스클럽/스포츠센터,,37.5551142860916,126.915365385778
11440120311302000008900000,서울 마포구 서교동 467-3번지 성제빌딩 지하1층,서울특별시 마포구 잔다리로 89,홍대합정,0140138090,맥스짐,,오락,헬스클럽/스포츠센터,,37.5551142860916,126.915365385778
11440120311302000010100006,서울 마포구 서교동 468-19번지 서교동 1층,서울특별시 마포구 잔다리로 101-6,홍대합정,0139125801,서교발란스 필라테스 스튜디오,,오락,헬스클럽/스포츠센터,,37.5561853213874,126.914268759052
11440120311302000010300000,서울 마포구 서교동 468-18번지 5층,서울특별시 마포구 잔다리로 103,홍대합정,0078636909,홍산수족관,,오락,놀이/여가/취미,,37.5562850144023,126.914451874506
11440120311302000010500000,서울 마포구 서교동 468-17번지 잇다빌딩 1층 102호,서울특별시 마포구 잔다리로 105,홍대합정,0122267875,벨라밸리스튜디오,,오락,헬스클럽/스포츠센터,,37.5563774915325,126.914375602192
11440120311302700000300030,서울 마포구 서교동 358-96번지 포도빌딩 지1층,서울특별시 마포구 홍익로 3-30,홍대합정,0121925283,홍대무브댄스학원,,오락,헬스클럽/스포츠센터,,37.5529162321812,126.923030804814
11440120311302700001300005,서울 마포구 서교동 358-152번지 1층,서울특별시 마포구 홍익로 13-5,홍대합정,0135634129,주식회사 엘에비뉴(L AVENUE Co Ltd),,오락,헬스클럽/스포츠센터,,37.5535022935358,126.92311123209
11440120311302700001900000,서울 마포구 서교동 358-1번지 1호,서울특별시 마포구 홍익로 19,홍대합정,0122353444,주식회사 보드게임카페레드버튼홍대,,오락,놀이/여가/취미,,37.5540114950545,126.922632560792
11440120413909000002400009,서울 마포구 서교동 396-54번지 지1층 좌측호,서울특별시 마포구 독막로3길 24-9,홍대합정,0121619605,브이비엘(V.B.L),,오락,연극/영화/극장,,37.5492304330819,126.917434904257
11440120413909600001500000,서울 마포구 서교동 400-10번지 1층,서울특별시 마포구 독막로7길 15,홍대합정,0113137475,댄싱보라,,오락,헬스클럽/스포츠센터,,37.5486649459647,126.918703859732
11440120413909600002700000,서울 마포구 서교동 400-3번지 1층 좌측,서울특별시 마포구 독막로7길 27,홍대합정,0116065483,에이스보드카페,,오락,놀이/여가/취미,,37.5491424478004,126.91905754381
11440120413909600004900000,서울 마포구 서교동 395-79번지 1층 그림필름 홍대점,서울특별시 마포구 독막로7길 49,홍대합정,0120941299,라스요가&인도무용,,오락,헬스클럽/스포츠센터,,37.5500010139925,126.919724628925
11440120413909600005900000,서울 마포구 서교동 395-19번지 DRX빌딩,서울특별시 마포구 독막로7길 59,홍대합정,0115922718,디알엑스 주식회사,,오락,헬스클럽/스포츠센터,,37.5504788248752,126.920007144186
11440120413909600005900000,서울 마포구 서교동 395-19번지 DRX빌딩,서울특별시 마포구 독막로7길 59,홍대합정,0130487564,디알엑스 주식회사,,오락,헬스클럽/스포츠센터,,37.5504788248752,126.920007144186
11440120413909600006300000,서울 마포구 서교동 395-18번지 1층,서울특별시 마포구 독막로7길 63,홍대합정,0102038445,벌툰 홍대본점,벌툰,오락,놀이/여가/취미,,37.5506032108867,126.920078419
11440120413909800003100000,서울 마포구 서교동 404-14번지 3층,서울특별시 마포구 독막로9길 31,홍대합정,0082965153,크로스핏 칸,,오락,헬스클럽/스포츠센터,,37.5497033519228,126.920164253311
11440120413909800003100000,서울 마포구 서교동 404-14번지 3층,서울특별시 마포구 독막로9길 31,홍대합정,0140397928,크로스핏 칸,,오락,헬스클럽/스포츠센터,,37.5497033519228,126.920164253311
11440120413909900001300000,서울 마포구 서교동 485-1번지 (1층 일부),서울특별시 마포구 동교로12길 13,홍대합정,0106437684,차마스튜디오,,오락,연극/영화/극장,,37.5537483764724,126.912525665458
11440120413909900003800000,서울 마포구 서교동 383-3번지 지층1층,서울특별시 마포구 동교로12길 38,홍대합정,0126022144,플루언트(FLUENT),,오락,헬스클럽/스포츠센터,,37.5525471956772,126.912565320478
11440120413910200003200000,서울 마포구 서교동 468-20번지 201호,서울특별시 마포구 동교로15길 32,홍대합정,0111267464,풀하우스 바이올린,,오락,연극/영화/극장,,37.5561190991831,126.914146267105
11440120413910200003200000,서울 마포구 서교동 468-20번지 아트림 1층,서울특별시 마포구 동교로15길 32,홍대합정,0138277173,스튜디오 로프,,오락,전시/관람,,37.5561190991831,126.914146267105
11440120413910600003800000,서울 마포구 서교동 376-12번지,서울특별시 마포구 동교로18길 38,홍대합정,0061815049,앨리,,오락,연극/영화/극장,,37.5536566473463,126.917781303037
11440120413941700004900000,서울 마포구 서교동 395-73번지 지하2층 201호,서울특별시 마포구 양화로10길 49,홍대합정,0133146746,그라운드합주실합정1호점,,오락,연극/영화/극장,,37.5502065753553,126.918996981239
11440120413941800004600000,서울 마포구 서교동 385-15번지 1층,서울특별시 마포구 양화로11길 46,홍대합정,0123159790,씨206 필라디움,,오락,헬스클럽/스포츠센터,,37.5523684433756,126.914293501717
11440120413943000006700000,서울 마포구 서교동 399-24번지 1층 103호,서울특별시 마포구 양화로6길 67,홍대합정,0130852478,떠블유 당구장,,오락,스포츠/운동시설,,37.5487063562061,126.918000732191
11440120413943000006700000,서울 마포구 서교동 399-24번지 3층,서울특별시 마포구 양화로6길 67,홍대합정,0141494674,떠블유(W)당구장,,오락,스포츠/운동시설,,37.5487063562061,126.918000732191
11440120413943000007900000,서울 마포구 서교동 400-11번지 지1층,서울특별시 마포구 양화로6길 79,홍대합정,0137325973,디엠스튜디오,,오락,연극/영화/극장,,37.548545189022,126.918683167823
11440120413943200001200000,서울 마포구 서교동 391-6번지 1층,서울특별시 마포구 양화로7안길 12,홍대합정,0070833512,VKNY  Project,,오락,헬스클럽/스포츠센터,,37.5521090299343,126.915144371559
11440120413945400001000000,서울 마포구 서교동 407-6번지 1층,서울특별시 마포구 와우산로17길 10,홍대합정,0120437348,오에프디댄스학원,,오락,헬스클럽/스포츠센터,,37.550320825368,126.922492202834
11440120413945400001200000,서울 마포구 서교동 407-8번지 1층 일부,서울특별시 마포구 와우산로17길 12,홍대합정,0112747183,에프에프,,오락,공연/대관,,37.5502757541153,126.922322614404
11440120413945800001900012,서울 마포구 서교동 364-3번지 예원빌딩 지하2층,서울특별시 마포구 와우산로21길 19-12,홍대합정,0125362384,스팟(SPOT),,오락,공연/대관,,37.5519364127775,126.922641382774
11440120413945800001900019,서울 마포구 서교동 362-11번지 2층,서울특별시 마포구 와우산로21길 19-19,홍대합정,0117385492,주식회사 소셜패밀리,,오락,연극/영화/극장,,37.5515329587488,126.922661038233
11440120413945800002000000,서울 마포구 서교동 358-37번지 지하1층,서울특별시 마포구 와우산로21길 20,홍대합정,0136473451,펌프아케이드,,오락,헬스클럽/스포츠센터,,37.5524584971674,126.922987705559
11440120413945800002900000,서울 마포구 서교동 364-31번지 석전빌딩 1동 3층,서울특별시 마포구 와우산로21길 29,홍대합정,0085060259,윤형빈소극장,,오락,연극/영화/극장,,37.5521866201932,126.92236725663
11440120413945800003100000,서울 마포구 서교동 364-26번지 A동 2층,서울특별시 마포구 와우산로21길 31,홍대합정,0132546615,더홀릭보드게임카페 홍대점,,오락,놀이/여가/취미,,37.5522262915885,126.922135333304
11440120413946000002000030,서울 마포구 서교동 342-20번지 4층,서울특별시 마포구 와우산로23길 20-30,홍대합정,0069447316,J.K서교태권도,,오락,스포츠/운동시설,,37.5541559935849,126.925685096225
11440120413946000002000030,서울 마포구 서교동 342-20번지 4층,서울특별시 마포구 와우산로23길 20-30,홍대합정,0133260547,히트앤핏 홍대,,오락,헬스클럽/스포츠센터,,37.5541559935849,126.925685096225
11440120413946000002000030,서울 마포구 서교동 342-20번지 4층,서울특별시 마포구 와우산로23길 20-30,홍대합정,0132784851,J.K서교태권도,,오락,스포츠/운동시설,,37.5541559935849,126.925685096225
11440120413946000002000030,서울 마포구 서교동 342-20번지 지층,서울특별시 마포구 와우산로23길 20-30,홍대합정,0141018218,리부스트PT 홍대점,,오락,헬스클럽/스포츠센터,,37.5541559935849,126.925685096225
11440120413946000002000030,서울 마포구 서교동 342-20번지 지층,서울특별시 마포구 와우산로23길 20-30,홍대합정,0130673692,에스피티 스튜디오,,오락,헬스클럽/스포츠센터,,37.5541559935849,126.925685096225
11440120413946000002000030,서울 마포구 서교동 342-20번지 지층,서울특별시 마포구 와우산로23길 20-30,홍대합정,0138883459,리부스트PT 홍대점,,오락,헬스클럽/스포츠센터,,37.5541559935849,126.925685096225
11440120413947500005500000,서울 마포구 서교동 330-28번지 3층,서울특별시 마포구 와우산로35길 55,홍대합정,0133534271,피어리필라테스,,오락,헬스클럽/스포츠센터,,37.5564404648079,126.927704130209
11440120413948200000500000,서울 마포구 서교동 476-18번지 2층,서울특별시 마포구 월드컵로10길 5,홍대합정,0132677477,더블유에스복싱클럽(합정점),,오락,스포츠/운동시설,,37.554570170801,126.912033085752
11440120413948200000500000,서울 마포구 서교동 476-18번지 2층,서울특별시 마포구 월드컵로10길 5,홍대합정,0103410403,행운당구장,,오락,스포츠/운동시설,,37.554570170801,126.912033085752
11440120413952100002600000,서울 마포구 서교동 352-31번지 2층,서울특별시 마포구 월드컵북로1길 26,홍대합정,0139585640,피아댄스아카데미학원,,오락,헬스클럽/스포츠센터,,37.5547889154862,126.919855413361
11440120413955300002900000,서울 마포구 서교동 460-27번지 1층,서울특별시 마포구 월드컵북로5길 29,홍대합정,0114047541,청기와당구클럽,,오락,오락/당구/볼링등,,37.5567041837346,126.917269118966
11440120413955300004100000,"서울 마포구 서교동 460-25번지 지상2~7층, 지하1층",서울특별시 마포구 월드컵북로5길 41,홍대합정,0140395765,도시명상,,오락,헬스클럽/스포츠센터,,37.5562309453386,126.916835052019
11440120413955300005400000,서울 마포구 서교동 451-19번지 지하1층,서울특별시 마포구 월드컵북로5길 54,홍대합정,0127363851,로얄짐3호점,,오락,헬스클럽/스포츠센터,,37.5564319752046,126.915968814909
11440120413955400001800000,서울 마포구 서교동 487번지 서교동대우미래사랑아파트 1층 141호,서울특별시 마포구 월드컵북로5나길 18,홍대합정,0125102749,주식회사 케이스포짐,스포짐,오락,헬스클럽/스포츠센터,,37.5573352701834,126.916796137041
11440120413955400001800000,서울 마포구 서교동 487번지 서교동대우미래사랑아파트 1층 141호,서울특별시 마포구 월드컵북로5나길 18,홍대합정,0126790716,위닝샷실내테니스 홍대점,,오락,스포츠/운동시설,,37.5573352701834,126.916796137041
11440120413955400001800000,서울 마포구 서교동 487번지 대우미래사랑)111-1호,서울특별시 마포구 월드컵북로5나길 18,홍대합정,0139471395,주식회사 케이스포짐,스포짐,오락,헬스클럽/스포츠센터,,37.5573352701834,126.916796137041
11440120413955800001100000,서울 마포구 서교동 449-1번지 지하 1층 일부호,서울특별시 마포구 월드컵북로7길 11,홍대합정,0131556870,골프존파크 서교점,,오락,스포츠/운동시설,,37.5580770104634,126.91723693013
11440120413957000000700000,서울 마포구 서교동 395-105번지 1층 101호,서울특별시 마포구 잔다리로3길 7,홍대합정,0118036714,익스트림에스 홍대,,오락,헬스클럽/스포츠센터,,37.5513403305707,126.919039663086
11440120413957000003100000,서울 마포구 서교동 395-135번지 2층 201호,서울특별시 마포구 잔다리로3길 31,홍대합정,0127212678,저스트절크댄스학원,,오락,헬스클럽/스포츠센터,,37.5505622615689,126.918172521915
11440120413961700000800000,서울 마포구 서교동 356-3번지 지하1층,서울특별시 마포구 홍익로3길 8,홍대합정,0134906577,브이아이피(VIP)당구클럽,,오락,오락/당구/볼링등,,37.5541457310575,126.922065320318
11440120413961700000800000,서울 마포구 서교동 356-3번지 지하1층,서울특별시 마포구 홍익로3길 8,홍대합정,0120136122,보드게임카페 홈즈앤루팡 홍대점,,오락,놀이/여가/취미,,37.5541457310575,126.922065320318
11440121300505700002000000,서울 마포구 동교동 174-3번지 2층,서울특별시 마포구 신촌로 20,홍대합정,0142516293,퍼스트필라테스요가홍대점,,오락,헬스클럽/스포츠센터,,37.5578315233016,126.928458355524
11440121300505700004600000,서울 마포구 동교동 183-12번지 2층,서울특별시 마포구 신촌로 46,홍대합정,0073135444,홍익요가연구원,,오락,헬스클럽/스포츠센터,,37.5569029554023,126.931032175965
11440121311201400018100000,서울 마포구 동교동 201-35번지 5층 2호 4 동경빌딩,서울특별시 마포구 동교로 181,홍대합정,0049272420,잼  합주실,,오락,연극/영화/극장,,37.5568042389645,126.921558694852
11440121311201400019100000,서울 마포구 동교동 200-30번지 동교동,서울특별시 마포구 동교로 191,홍대합정,0102120805,홍대보니따,,오락,헬스클럽/스포츠센터,,37.5575443173423,126.922375619296
11440121311201400019600000,서울 마포구 동교동 158-20번지 1층,서울특별시 마포구 동교로 196,홍대합정,0110831245,고래당구장,,오락,스포츠/운동시설,,37.5574756165145,126.922995104998
11440121311201400019600000,서울 마포구 동교동 158-20번지 1층,서울특별시 마포구 동교로 196,홍대합정,0114085657,인사이터,,오락,연극/영화/극장,,37.5574756165145,126.922995104998
11440121311201400020700000,"서울 마포구 동교동 199-1번지 지하1, 2층",서울특별시 마포구 동교로 207,홍대합정,0124203886,마콘도 2호점 턴,,오락,헬스클럽/스포츠센터,,37.5585958809292,126.923217592056
11440121311201400020700000,"서울 마포구 동교동 199-1번지 지하1, 2층",서울특별시 마포구 동교로 207,홍대합정,0130318256,우리짐,,오락,헬스클럽/스포츠센터,,37.5585958809292,126.923217592056
11440121311201400021900000,서울 마포구 동교동 198-31번지 지층,서울특별시 마포구 동교로 219,홍대합정,0122253982,수당구클럽,,오락,오락/당구/볼링등,,37.5596701717998,126.923545050387
11440121311301400014700000,서울 마포구 동교동 160-4번지 지상1층,서울특별시 마포구 양화로 147,홍대합정,0115175242,메가박스 중앙 (주)홍대지점,,오락,연극/영화/극장,,37.5560502523992,126.922054509333
11440121311301400014700000,서울 마포구 동교동 160-4번지 지상1층,서울특별시 마포구 양화로 147,홍대합정,0133134247,그라운드 합주실 본점,,오락,연극/영화/극장,,37.5560502523992,126.922054509333
11440121311301400014700000,서울 마포구 동교동 160-4번지 지상1층,서울특별시 마포구 양화로 147,홍대합정,0131305476,메박스중앙(주) 홍대지점,,오락,연극/영화/극장,,37.5560502523992,126.922054509333
11440121311301400015300000,서울 마포구 동교동 159-8번지,서울특별시 마포구 양화로 153,홍대합정,0131883720,씨제이 씨지브이 (주) 홍대_문화비,,오락,연극/영화/극장,,37.5564943733388,126.922631917858
11440121311301400015300000,서울 마포구 동교동 159-8번지,서울특별시 마포구 양화로 153,홍대합정,0079995825,씨제이씨지브이(주)홍대,,오락,연극/영화/극장,,37.5564943733388,126.922631917858
11440121311301400015600000,서울 마포구 동교동 165-8번지 LG팰리스빌딩 지1층 134호,서울특별시 마포구 양화로 156,홍대합정,0112845474,(주)더블유락볼링장홍대지점,,오락,스포츠/운동시설,,37.5561130617043,126.923446601456
11440121311301400015600000,서울 마포구 동교동 165-8번지 LG팰리스빌딩 지1층 134호,서울특별시 마포구 양화로 156,홍대합정,0118116946,학 필라테스 스튜디오,,오락,헬스클럽/스포츠센터,,37.5561130617043,126.923446601456
11440121311301400015600000,서울 마포구 동교동 165-8번지 LG팰리스빌딩 3층 301호,서울특별시 마포구 양화로 156,홍대합정,0139588008,사운드시티 합주실 홍대역,,오락,연극/영화/극장,,37.5561130617043,126.923446601456
11440121311301400015700000,서울 마포구 동교동 159-6번지 파라다이스텔 605호,서울특별시 마포구 양화로 157,홍대합정,0073483760,지영,,오락,헬스클럽/스포츠센터,,37.5566882957272,126.922949966052
11440121311301400016100000,서울 마포구 동교동 159-5번지 케이스퀘어 4층,서울특별시 마포구 양화로 161,홍대합정,0128993045,액션(ACTION),,오락,오락/당구/볼링등,,37.5569362179065,126.923315607444
11440121311301400016400000,"서울 마포구 동교동 165-4번지 지하1층 지상 1층, 2층, 3층, 4층",서울특별시 마포구 양화로 164,홍대합정,0117011585,휘트니스 피플,,오락,헬스클럽/스포츠센터,,37.5565331423821,126.924060032781
11440121311301400016400000,서울 마포구 동교동 165-4번지 9층,서울특별시 마포구 양화로 164,홍대합정,0142090653,휘트니스피플우먼 홍대점,,오락,헬스클럽/스포츠센터,,37.5565331423821,126.924060032781
11440121311301400016600000,서울 마포구 동교동 165-1번지 지하1층,서울특별시 마포구 양화로 166,홍대합정,0106543242,(주)아메리카요가 홍대점,,오락,헬스클럽/스포츠센터,,37.556743503599,126.924166543608
11440121311301400016600000,서울 마포구 동교동 165-1번지 7층,서울특별시 마포구 양화로 166,홍대합정,0140226283,아메리카요가 홍대지점,,오락,헬스클럽/스포츠센터,,37.556743503599,126.924166543608
11440121311301400017600000,서울 마포구 동교동 166-14번지 동교동스타피카소 제5층 제5에프비76호,서울특별시 마포구 양화로 176,홍대합정,0048969000,롯데시네마 홍대입구,롯데시네마,오락,연극/영화/극장,,37.5572467836494,126.924986220455
11440121311301400017600000,서울 마포구 동교동 166-14번지 동교동스타피카소 제5층 제5에프비76호,서울특별시 마포구 양화로 176,홍대합정,0128924156,헬스보이짐 홍대점,헬스보이짐,오락,헬스클럽/스포츠센터,,37.5572467836494,126.924986220455
11440121311301400017600000,서울 마포구 동교동 166-14번지 동교동스타피카소 제5층 제5에프비76호,서울특별시 마포구 양화로 176,홍대합정,0073376261,롯데시네마 홍대입구,롯데시네마,오락,연극/영화/극장,,37.5572467836494,126.924986220455
11440121311301400017600000,서울 마포구 동교동 166-14번지 동교동스타피카소 제5층 제5에프비76호,서울특별시 마포구 양화로 176,홍대합정,0083586875,롯데시네마 홍대입구,롯데시네마,오락,연극/영화/극장,,37.5572467836494,126.924986220455
11440121311301400017600000,서울 마포구 동교동 166-14번지 동교동스타피카소 제5층 제5에프비76호,서울특별시 마포구 양화로 176,홍대합정,0131632036,롯데시네마 홍대입구,롯데시네마,오락,연극/영화/극장,,37.5572467836494,126.924986220455
11440121311301400018300000,서울 마포구 동교동 155-27번지 효성홍익인간오피스텔 12호,서울특별시 마포구 양화로 183,홍대합정,0135437721,홍대스크린골프,,오락,스포츠/운동시설,,37.5583675467575,126.925148412411
11440121311301400018300000,서울 마포구 동교동 155-27번지 효성홍익인간오피스텔 12호,서울특별시 마포구 양화로 183,홍대합정,0114794464,조이 오브 요가(Joy of Yoga),,오락,헬스클럽/스포츠센터,,37.5583675467575,126.925148412411
11440121311301400018300000,서울 마포구 동교동 155-27번지 효성홍익인간오피스텔 12호,서울특별시 마포구 양화로 183,홍대합정,0055795033,홍대스크린골프,,오락,스포츠/운동시설,,37.5583675467575,126.925148412411
11440121311301400018300000,서울 마포구 동교동 155-27번지 효성홍익인간오피스텔 2층 13호,서울특별시 마포구 양화로 183,홍대합정,0122400963,라온민화,,오락,전시/관람,,37.5583675467575,126.925148412411
11440121311301400018600000,서울 마포구 동교동 167-2번지 지하3층,서울특별시 마포구 양화로 186,홍대합정,0123448979,CGV 연남,CGV,오락,연극/영화/극장,,37.5576684824211,126.92589313527
11440121311301400018600000,서울 마포구 동교동 167-2번지 지하3층,서울특별시 마포구 양화로 186,홍대합정,0128252418,에이블짐 홍대입구역점,에이블짐,오락,헬스클럽/스포츠센터,,37.5576684824211,126.92589313527
11440121311301400018600000,서울 마포구 동교동 167-2번지 지하3층,서울특별시 마포구 양화로 186,홍대합정,0131848525,CGV 연남,CGV,오락,연극/영화/극장,,37.5576684824211,126.92589313527
11440121311301400018600000,서울 마포구 동교동 167-2번지 지하3층,서울특별시 마포구 양화로 186,홍대합정,0137854972,주식회사 덕스앤덕스,,오락,연극/영화/극장,,37.5576684824211,126.92589313527
11440121311301400018600000,서울 마포구 동교동 167-2번지 LCTOWER 지하3층,서울특별시 마포구 양화로 186,홍대합정,0138114129,주식회사 덕스앤덕스,,오락,연극/영화/극장,,37.5576684824211,126.92589313527
11440121311301400018600000,서울 마포구 동교동 167-2번지 LCTOWER 지하3층,서울특별시 마포구 양화로 186,홍대합정,0137997615,주식회사 덕스앤덕스,,오락,연극/영화/극장,,37.5576684824211,126.92589313527
11440121311301400018600000,서울 마포구 동교동 167-2번지 LCTOWER 지하3층,서울특별시 마포구 양화로 186,홍대합정,0138635529,주식회사 덕스앤덕스,,오락,연극/영화/극장,,37.5576684824211,126.92589313527
11440121311301400018600000,서울 마포구 동교동 167-2번지 LCTOWER 지하3층,서울특별시 마포구 양화로 186,홍대합정,0140023516,에이블짐 홍대입구역점,에이블짐,오락,헬스클럽/스포츠센터,,37.5576684824211,126.92589313527
11440121311301500013700000,서울 마포구 동교동 169-11번지 3층,서울특별시 마포구 어울마당로 137,홍대합정,0130026545,벌툰 홍대입구역점,벌툰,오락,놀이/여가/취미,,37.5564567137259,126.925151115991
11440121311301500013700000,서울 마포구 동교동 169-11번지 3층,서울특별시 마포구 어울마당로 137,홍대합정,0088835855,(주)뮤비존 노래뮤방 홍대점,,오락,오락/당구/볼링등,,37.5564567137259,126.925151115991
11440121311301900002400000,서울 마포구 동교동 205-5번지 지1층,서울특별시 마포구 월드컵북로 24,홍대합정,0119751899,원투스픽국제문화교류센터,,오락,연극/영화/극장,,37.557015953841,126.919786367765
11440121311301900003000000,서울 마포구 동교동 205-17번지 1층 102호,서울특별시 마포구 월드컵북로 30,홍대합정,0038624300,VIP휘트니스센터,,오락,헬스클럽/스포츠센터,,37.5573599416881,126.919370642295
11440121311301900003000000,서울 마포구 동교동 205-17번지 B1층,서울특별시 마포구 월드컵북로 30,홍대합정,0139742332,아크로짐 홍대점 24시 휘트니스,,오락,헬스클럽/스포츠센터,,37.5573599416881,126.919370642295
11440121311301900003000000,서울 마포구 동교동 205-17번지 B1층,서울특별시 마포구 월드컵북로 30,홍대합정,0141022830,아크로짐 홍대점 24시 휘트니스,,오락,헬스클럽/스포츠센터,,37.5573599416881,126.919370642295
11440121413911000003200022,서울 마포구 동교동 203-43번지 1층 103호,서울특별시 마포구 동교로23길 32-22,홍대합정,0117239772,심테니스,,오락,스포츠/운동시설,,37.5578907796654,126.920925688531
11440121413911100000700000,서울 마포구 동교동 201-10번지,서울특별시 마포구 동교로25길 7,홍대합정,0134547751,하모닉스뮤직,,오락,연극/영화/극장,,37.5574746371768,126.921915516345
11440121413911100000700000,서울 마포구 동교동 201-10번지,서울특별시 마포구 동교로25길 7,홍대합정,0080441314,그라운드합주실 3호점,,오락,연극/영화/극장,,37.5574746371768,126.921915516345
11440121413911100001600000,서울 마포구 동교동 200-18번지 지하1층 (동교동. 세일빌딩),서울특별시 마포구 동교로25길 16,홍대합정,0135121424,짐(gym)88 홍대점,,오락,헬스클럽/스포츠센터,,37.557912563826,126.921706926754
11440121413911200000800000,서울 마포구 동교동 198-11번지 호성빌딩 1층 좌측호,서울특별시 마포구 동교로27길 8,홍대합정,0117119297,아즈나 요가,,오락,헬스클럽/스포츠센터,,37.5587808318798,126.92304276804
11440121413911200000800000,서울 마포구 동교동 198-11번지 2층,서울특별시 마포구 동교로27길 8,홍대합정,0142410380,원더웰 필라테스 스튜디오,,오락,헬스클럽/스포츠센터,,37.5587808318798,126.92304276804
11440121413911200000800000,서울 마포구 동교동 198-11번지 2층,서울특별시 마포구 동교로27길 8,홍대합정,0142245687,아즈나요가,,오락,헬스클럽/스포츠센터,,37.5587808318798,126.92304276804
11440121413911200001200000,서울 마포구 동교동 198-8번지 1층 좌측,서울특별시 마포구 동교로27길 12,홍대합정,0131696155,몸의집,,오락,헬스클럽/스포츠센터,,37.5588764092034,126.922876410496
11440121413939000000400000,서울 마포구 동교동 185-6번지 1층 101호,서울특별시 마포구 신촌로12길 4,홍대합정,0117695999,빌리어즈 HAPPY,,오락,오락/당구/볼링등,,37.5562530795107,126.932458208448
11440121413941400002200008,서울 마포구 동교동 176-6번지 1층 101호,서울특별시 마포구 신촌로4길 22-8,홍대합정,0125483024,아샤댄스 스튜디오,,오락,헬스클럽/스포츠센터,,37.5571752730813,126.927925131982
11440121413942700001700000,서울 마포구 동교동 154-2번지 2층,서울특별시 마포구 양화로21길 17,홍대합정,0120546049,빌보드게임카페,,오락,놀이/여가/취미,,37.558996833997,126.92491338982
11440121413942800002800000,서울 마포구 동교동 148-9번지 1층,서울특별시 마포구 양화로23길 28,홍대합정,0123667255,주식회사 에스에스엠쥐2,,오락,연극/영화/극장,,37.559608616725,126.925064436597
11440121413952900005700000,서울 마포구 동교동 158-1번지 2층,서울특별시 마포구 월드컵북로2길 57,홍대합정,0130090913,주식회사 지투짐,,오락,헬스클럽/스포츠센터,,37.5574938764992,126.923364041362
11440121413952900005700000,서울 마포구 동교동 158-1번지 2층,서울특별시 마포구 월드컵북로2길 57,홍대합정,0128393501,펠리스 아카데미,,오락,헬스클럽/스포츠센터,,37.5574938764992,126.923364041362
11440121413952900005700000,서울 마포구 동교동 158-1번지 6층,서울특별시 마포구 월드컵북로2길 57,홍대합정,0140385279,주식회사 지투짐,,오락,헬스클럽/스포츠센터,,37.5574938764992,126.923364041362
11440121413954700003700000,서울 마포구 동교동 203-8번지 마로빌딩 지1층,서울특별시 마포구 월드컵북로4길 37,홍대합정,0106280126,더벙커(The Bunker Gym),,오락,헬스클럽/스포츠센터,,37.5578838320971,126.921315477516
11440121413954700003700000,서울 마포구 동교동 203-8번지 지하1층,서울특별시 마포구 월드컵북로4길 37,홍대합정,0142382928,(KKM) 크라브마가 더벙커 홍대,,오락,헬스클럽/스포츠센터,,37.5578838320971,126.921315477516
11440121413954700006100000,서울 마포구 동교동 204-36번지 1층 102호,서울특별시 마포구 월드컵북로4길 61,홍대합정,0122896491,호랑티티,,오락,헬스클럽/스포츠센터,,37.5587874301094,126.92224960714
11440121413962000001000000,서울 마포구 동교동 163-9번지 1층 일부호,서울특별시 마포구 홍익로6길 10,홍대합정,0069099380,헤이당구장,,오락,스포츠/운동시설,,37.5550137105249,126.922687318825
11440121413962000001500000,서울 마포구 동교동 162-3번지 5층,서울특별시 마포구 홍익로6길 15,홍대합정,0111817110,히어로보드카페,,오락,놀이/여가/취미,,37.5553579057749,126.922709032013
11440121413962000004200000,서울 마포구 동교동 164-18번지,서울특별시 마포구 홍익로6길 42,홍대합정,0141681874,(주)에이앤에이이엔티 홍대2호점,,오락,오락/당구/볼링등,,37.5559627149843,126.923910769117
11440121413962000004800000,서울 마포구 동교동 164-22번지 4층 401호,서울특별시 마포구 홍익로6길 48,홍대합정,0129784047,마콘도,,오락,헬스클럽/스포츠센터,,37.5561987179748,126.924240432733
11440121413962000004800000,서울 마포구 동교동 164-22번지 4층 401호,서울특별시 마포구 홍익로6길 48,홍대합정,0105538268,당구매니아,,오락,오락/당구/볼링등,,37.5561987179748,126.924240432733
11440122311300500002700000,서울 마포구 합정동 412-4번지 1층,서울특별시 마포구 독막로 27,홍대합정,0107377970,모던필라테스 서울마포지부(합정점),모던 필라테스,오락,헬스클럽/스포츠센터,,37.5485049826464,126.916585172606
11440122311300500004200000,서울 마포구 합정동 362-1번지 1층,서울특별시 마포구 독막로 42,홍대합정,0123636409,로얄짐 2호점,,오락,헬스클럽/스포츠센터,,37.5478025919408,126.917910400658
11440122311300500004200000,서울 마포구 합정동 362-1번지 1층,서울특별시 마포구 독막로 42,홍대합정,0140087636,로얄짐 2호점,,오락,헬스클럽/스포츠센터,,37.5478025919408,126.917910400658
11440122311300500005600000,서울 마포구 합정동 354-25번지 1층 101호,서울특별시 마포구 독막로 56,홍대합정,0009405762,윤송개발,,오락,스포츠/운동시설,,37.5475077309865,126.919665629833
11440122311301400003600000,서울 마포구 합정동 374-1번지 104호,서울특별시 마포구 양화로 36,홍대합정,0126363308,합정 당구 클럽,,오락,오락/당구/볼링등,,37.5485091311027,126.913337734086
11440122311301800002900000,서울 마포구 합정동 426-8번지 지하2층,서울특별시 마포구 월드컵로 29,홍대합정,0132224783,우리짐 합정점,,오락,헬스클럽/스포츠센터,,37.5520126730141,126.912132850482
11440122311301800002900000,서울 마포구 합정동 426-8번지 4층,서울특별시 마포구 월드컵로 29,홍대합정,0140013608,우리짐 합정점,,오락,헬스클럽/스포츠센터,,37.5520126730141,126.912132850482
11440122311301800003700000,서울 마포구 합정동 426-20번지 1층 105호,서울특별시 마포구 월드컵로 37,홍대합정,0140710732,웨이브랩(Wave Lab),,오락,연극/영화/극장,,37.5524254079806,126.911633631229
11440122311301800003700000,서울 마포구 합정동 426-20번지 1층 105호,서울특별시 마포구 월드컵로 37,홍대합정,0139908222,웨이브랩(wave lab),,오락,연극/영화/극장,,37.5524254079806,126.911633631229
11440122413909300000700000,서울 마포구 합정동 363-29번지 지층,서울특별시 마포구 독막로4길 7,홍대합정,0133763284,로폴댄스 스튜디오,,오락,헬스클럽/스포츠센터,,37.5478051978518,126.916998200745
11440122413909300000700000,서울 마포구 합정동 363-29번지 지층,서울특별시 마포구 독막로4길 7,홍대합정,0140546482,그레이프프루트스페이스,,오락,헬스클럽/스포츠센터,,37.5478051978518,126.916998200745
11440122413909700000700000,서울 마포구 합정동 354-17번지 지하1층,서울특별시 마포구 독막로8길 7,홍대합정,0140865171,사단법인  코드,,오락,연극/영화/극장,,37.5475481644542,126.91845147793
11440122413942900001500000,서울 마포구 합정동 387-20번지 2층 201호,서울특별시 마포구 양화로3길 15,홍대합정,0117434522,리버당구장,,오락,스포츠/운동시설,,37.5496445433809,126.911480973563
11440115311300500008600000,서울 마포구 상수동 324-9번지 3층,서울특별시 마포구 독막로 86,홍대합정,0130437163,피트니스 안,,오락,헬스클럽/스포츠센터,,37.5474961098136,126.922774296621
11440115311300500008600000,서울 마포구 상수동 324-9번지 1층,서울특별시 마포구 독막로 86,홍대합정,0140052598,피트니스 안_문화비,,오락,헬스클럽/스포츠센터,,37.5474961098136,126.922774296621
11440115311300500009100000,서울 마포구 상수동 309-5번지 동호빌딩 지하1층,서울특별시 마포구 독막로 91,홍대합정,0136177219,윰 신체발전소,,오락,헬스클럽/스포츠센터,,37.5479478636255,126.923594707666
11440115311300500009100000,서울 마포구 상수동 309-5번지 동호빌딩 지하1층,서울특별시 마포구 독막로 91,홍대합정,0126269364,끌로에필라테스 상수,,오락,헬스클럽/스포츠센터,,37.5479478636255,126.923594707666
11440115311300500009100000,서울 마포구 상수동 309-5번지 지하1층,서울특별시 마포구 독막로 91,홍대합정,0141409060,노앤서 복싱,,오락,스포츠/운동시설,,37.5479478636255,126.923594707666
11440115311300500009100000,서울 마포구 상수동 309-5번지 지하1층,서울특별시 마포구 독막로 91,홍대합정,0141151332,끌로에필라테스,,오락,헬스클럽/스포츠센터,,37.5479478636255,126.923594707666
11440115311300500009100000,서울 마포구 상수동 309-5번지 지하1층,서울특별시 마포구 독막로 91,홍대합정,0142590033,노앤서 복싱(No Answer Boxing ),,오락,스포츠/운동시설,,37.5479478636255,126.923594707666
11440115311300500010000000,서울 마포구 상수동 157-1번지,서울특별시 마포구 독막로 100,홍대합정,0131166738,(주)엠휘트니스9,,오락,헬스클럽/스포츠센터,,37.5473382442434,126.924711098068
11440115311300500010000000,서울 마포구 상수동 157-1번지 세방글로벌시티 지하1층,서울특별시 마포구 독막로 100,홍대합정,0139953574,주식회사 엠휘트니스9,,오락,헬스클럽/스포츠센터,,37.5473382442434,126.924711098068
11440115311301700004000000,서울 마포구 상수동 309-9번지 응,서울특별시 마포구 와우산로 40,홍대합정,0139755243,짐셋피티서울(GYMSET PT SEOUL),,오락,헬스클럽/스포츠센터,,37.5479697732932,126.923201786747
11440115311301700004800000,서울 마포구 상수동 93-45번지 지1층,서울특별시 마포구 와우산로 48,홍대합정,0064428972,로하스크린골프연습장,,오락,스포츠/운동시설,,37.5485560282385,126.923441090646
11440115311301700004800000,서울 마포구 상수동 93-45번지 지1층,서울특별시 마포구 와우산로 48,홍대합정,0100709369,큐앤구당구장,,오락,스포츠/운동시설,,37.5485560282385,126.923441090646
11440115311301700004800000,"서울 마포구 상수동 93-45번지 로하스타워 지하B 3층 309, 310, 311, 312호",서울특별시 마포구 와우산로 48,홍대합정,0141374009,니즈빌리어즈 상수점,,오락,스포츠/운동시설,,37.5485560282385,126.923441090646
11440115311301700004800000,"서울 마포구 상수동 93-45번지 로하스타워 지하B 3층 309, 310, 311, 312호",서울특별시 마포구 와우산로 48,홍대합정,0137799458,주식회사 피엘12,,오락,스포츠/운동시설,,37.5485560282385,126.923441090646
11440115311301700004800000,"서울 마포구 상수동 93-45번지 로하스타워 지하B 3층 309, 310, 311, 312호",서울특별시 마포구 와우산로 48,홍대합정,0138980503,컷 테니어트,,오락,헬스클럽/스포츠센터,,37.5485560282385,126.923441090646
11440115311301700005100000,서울 마포구 상수동 93-86번지 3층,서울특별시 마포구 와우산로 51,홍대합정,0142380161,홍대셔플,,오락,헬스클럽/스포츠센터,,37.5490956160585,126.922856387596
11440122311302300003500000,서울 마포구 합정동 368-32번지 지하 1층,서울특별시 마포구 토정로 35,홍대합정,0141430157,인딤(INDYM),,오락,연극/영화/극장,,37.5457210832421,126.914826960719
11440122413935300002700000,서울 마포구 합정동 371-5번지 7층,서울특별시 마포구 성지길 27,홍대합정,0138458054,대성권투체육관(합정점),,오락,헬스클럽/스포츠센터,,37.5473367239749,126.91342260426
11440122413943400001300000,서울 마포구 합정동 378-1번지 3층,서울특별시 마포구 양화진2길 13,홍대합정,0126418664,아가스트아트스튜디오요가앤라이프,,오락,헬스클럽/스포츠센터,,37.547980243801,126.911875274453
11440122413961000006200000,서울 마포구 합정동 393-15번지 합정글로벌센터 1층,서울특별시 마포구 포은로2가길 62,홍대합정,0124244518,스트렝스뮤지엄((Strength Museum),,오락,헬스클럽/스포츠센터,,37.5495165107847,126.909931112798
11440122413961000006200000,서울 마포구 합정동 393-15번지 합정글로벌센터 1층,서울특별시 마포구 포은로2가길 62,홍대합정,0140926346,스트렝스 뮤지엄(Strength Museum),,오락,헬스클럽/스포츠센터,,37.5495165107847,126.909931112798
11440122311302400004800000,서울 마포구 합정동 434-1번지 2층 202호,서울특별시 마포구 포은로 48,홍대합정,0112444146,모소드로잉,,오락,전시/관람,,37.551719135596,126.90708206865
11440122413942600002100000,서울 마포구 합정동 392-3번지 B동 102호,서울특별시 마포구 양화로1길 21,홍대합정,0110998051,합정모나코당구장,,오락,스포츠/운동시설,,37.5495946668227,126.910456894059
11440122413949100003600000,서울 마포구 합정동 388-24번지 4층,서울특별시 마포구 월드컵로1길 36,홍대합정,0110936929,바디케어운동센터,,오락,헬스클럽/스포츠센터,,37.5494818359276,126.911018550308
11440122413950900003300026,서울 마포구 합정동 389-14번지 3층,서울특별시 마포구 월드컵로5길 33-26,홍대합정,0113628770,발레인&필라테스,,오락,헬스클럽/스포츠센터,,37.5505122584981,126.910714832993
11440122413950900007400000,서울 마포구 합정동 437-31번지 1층,서울특별시 마포구 월드컵로5길 74,홍대합정,0116580614,한국체대 성산태권도장,,오락,스포츠/운동시설,,37.5507326551531,126.90849504154
11440120311301800008000000,서울 마포구 서교동 441-6번지 4층,서울특별시 마포구 월드컵로 80,홍대합정,0137270963,휘트니스피플 우먼 망원역점,,오락,헬스클럽/스포츠센터,,37.5562034768287,126.91044570472
11440120311301800008000000,서울 마포구 서교동 441-6번지 4층,서울특별시 마포구 월드컵로 80,홍대합정,0123182719,희 필라테스,,오락,헬스클럽/스포츠센터,,37.5562034768287,126.91044570472
11440120311301800008000000,서울 마포구 서교동 441-6번지 1층,서울특별시 마포구 월드컵로 80,홍대합정,0141651752,휘트니스피플 우먼 망원역점,,오락,헬스클럽/스포츠센터,,37.5562034768287,126.91044570472
11440120311301800009400000,서울 마포구 서교동 440-5번지 1층,서울특별시 마포구 월드컵로 94,홍대합정,0101911279,커브스 망원클럽,커브스,오락,헬스클럽/스포츠센터,,37.5571302381779,126.909494710567
11440122413913100003900000,서울 마포구 합정동 448-18번지 3층 4호 층,서울특별시 마포구 동교로8길 39,홍대합정,0116506775,(주)솔루나아트그룹,,오락,전시/관람,,37.5503536135983,126.905643618189
11440122413913200003500001,서울 마포구 합정동 455-11번지 1층,서울특별시 마포구 동교로8안길 35-1,홍대합정,0123020646,주식회사 업짐,,오락,헬스클럽/스포츠센터,,37.5502158783353,126.904111758528
11440122413913200003500001,서울 마포구 합정동 455-11번지,서울특별시 마포구 동교로8안길 35-1,홍대합정,0140226507,주식회사 업짐,,오락,헬스클럽/스포츠센터,,37.5502158783353,126.904111758528
11440122413913200003500001,서울 마포구 합정동 455-11번지,서울특별시 마포구 동교로8안길 35-1,홍대합정,0138244090,에스제이 필라테스(SJ Pilates),,오락,헬스클럽/스포츠센터,,37.5502158783353,126.904111758528
